last_name, first_name,player_id,role,bWAR,year,p_game,p_formatted_ip,p_total_pa,p_total_hits,p_single,p_double,p_triple,p_home_run,p_strikeout,p_walk,p_earned_run,p_balk,p_lob,p_rbi,p_ball,p_called_strike,p_gnd_into_dp,p_hit_by_pitch,p_total_caught_stealing,p_total_strike,exit_velocity_avg,launch_angle_avg,sweet_spot_percent,barrel,barrel_batted_rate,solidcontact_percent,flareburner_percent,poorlyunder_percent,poorlytopped_percent,poorlyweak_percent,hard_hit_percent,z_swing_percent,z_swing_miss_percent,oz_swing_percent,oz_swing_miss_percent,oz_contact_percent,out_zone_swing_miss,meatball_percent,iz_contact_percent,in_zone_swing_miss,edge_percent,whiff_percent,ff_avg_speed,ff_avg_spin,ff_avg_break,sl_avg_speed,sl_avg_spin,sl_avg_break,ch_avg_speed,ch_avg_spin,ch_avg_break,cu_avg_speed,cu_avg_spin,cu_avg_break,si_avg_speed,si_avg_spin,si_avg_break,fc_avg_speed,fc_avg_spin,fc_avg_break,fs_avg_speed,fs_avg_spin,fs_avg_break,n_kn_formatted
Wainwright, Adam,425794,sp,1.8,2022,32,191.2,803,192,138,35,3,16,143,54,79,0,156,72,1022,662,21,7,6,2024,87.8,11,37.4,39,6.5,6.7,27.4,24.2,30.9,4.2,36.6,61.6,10.8,25.4,31.5,68.5,126,7.3,89,104,44.3,16.9,88,2234,15.4,,,,82.2,1765,16.6,72.9,2776,22,88.6,2201,17.9,84.3,2411,9.3,,,,
Greinke, Zack,425844,sp,2.6,2022,26,137,585,157,113,30,0,14,73,27,56,0,109,59,737,402,14,3,2,1451,88.9,12.6,34.4,33,6.8,7.9,26.1,23,34.6,1.5,39.6,63.9,11.9,30.2,27.7,71.7,100,7.2,87.9,82,43.3,17.3,89.1,2286,16.2,82.2,2435,11,86.5,1644,13.6,72,2433,16.9,89.3,2203,15.9,85.8,2377,9.3,,,,
Verlander, Justin,434378,sp,5.9,2022,28,175,666,116,88,15,1,12,185,29,34,0,103,40,779,388,9,6,3,1787,87.8,16.9,32.5,28,6.3,4.9,23.3,32.1,28,5.2,34.8,74.2,18.5,32.2,38,61.5,156,7.5,81.5,183,46.1,24.2,95,2423,21.5,87.4,2465,6.7,86.2,1756,19,79,2643,13.4,,,,,,,,,,
Sanchez, Anibal,434671,sp,0.9,2022,14,69.1,292,55,32,9,1,13,48,33,33,0,54,28,466,181,9,4,0,736,88.5,18.8,31.9,16,7.7,6.8,25.1,31.9,23.7,4.8,37.2,68.6,14.6,26,29.9,68.9,53,6.7,84.4,55,42,19.5,89.9,2065,17.2,83.2,2174,7.7,79.9,1470,16.2,75.4,1953,4.7,89.1,1926,18.3,87.3,2095,12.6,,,,
Jansen, Kenley,445276,rp,0.9,2022,65,64,260,45,28,6,3,8,85,22,24,1,42,27,302,185,1,2,2,694,87.1,21.9,29.8,11,7.3,5.3,21.2,39.1,21.2,6,32.5,67.6,22.7,29.2,40.8,56.9,53,9.3,76.8,86,45,27.3,,,,81.2,2459,7.9,,,,,,,93.6,2231,20,92.2,2567,18.6,,,,
Chavez, Jesse,445926,rp,0.4,2022,60,69.1,292,71,46,13,4,8,74,20,29,1,74,43,390,250,5,1,1,800,90.1,13.4,38.6,16,8.1,6.1,31.5,22.3,27.9,3.6,46.2,62.4,20.4,29.8,32.8,66.1,60,6.4,79.6,75,45.2,24.5,90.6,2056,17.6,,,,85.5,1826,16,76.9,2512,15.7,91.2,1974,18.1,89.1,2223,13.1,,,,
Kluber, Corey,446372,sp,0.7,2022,31,164,689,178,123,32,3,20,139,21,79,0,115,80,708,449,10,10,5,1706,87.1,18.5,35.8,36,6.9,6.4,26.6,27.6,26.8,5.8,34.7,66.2,15.1,35.7,40.7,59.3,175,7.9,84.3,125,44.3,23.9,88.9,2271,16,,,,82.9,1653,15.5,80.7,2526,16.9,88.9,2075,18.7,86.3,2463,9.3,,,,
Hill, Rich,448179,sp,0.9,2022,26,124.1,526,125,77,27,6,15,109,37,59,2,85,59,631,401,10,4,2,1344,88.2,14.9,31.6,31,8.2,4.5,22.3,30.6,28.5,5.3,34,64.6,16,27.3,38.2,61.8,96,8,83.7,111,44.1,22,88.5,2252,20.5,69.2,2531,22.9,82.7,1875,17.7,71.9,2636,22.5,86.1,2145,20.4,84.2,2273,9.6,,,,
Morton, Charlie,450203,sp,1.6,2022,31,172,728,149,93,26,2,28,205,63,83,0,121,79,979,531,18,18,2,1854,89.3,13.6,38,42,9.5,6.6,24,26.2,29,4.3,42.1,63.6,18.3,28.8,51.5,48,223,7.3,81.6,163,42.5,29.2,94.9,2374,16.5,,,,87.2,2154,17.8,81.3,3068,18.3,94.7,2192,17.9,88.4,2551,5.9,,,,
Scherzer, Max,453286,sp,5.2,2022,23,145.1,565,108,75,20,0,13,173,24,37,0,93,35,646,348,11,11,4,1480,87.8,21.3,32.2,30,8.4,3.9,23,37,21.8,5,33.9,70,21,34,50.7,48.8,185,7.9,78.5,161,42.4,30.6,94,2387,19.7,85,2303,5.2,84.1,1399,15.6,75,2764,19.1,,,,89.2,2391,8.7,,,,
Cueto, Johnny,456501,sp,3.5,2022,25,158.1,651,161,107,37,2,15,102,33,59,1,112,61,803,371,22,6,2,1553,87.7,13.3,33.7,37,7.3,5.7,24.3,26.5,30,5.9,35.9,70.2,12.9,31.9,26.7,72.8,107,6.2,87.1,101,43.4,17.6,91.4,2189,19.5,83.5,2237,6.9,82.6,1326,13.1,69.9,2095,4.4,91.4,2112,19.3,86.9,2177,10.9,,,,
Lynn, Lance,458681,sp,0.8,2022,21,121.2,512,119,80,20,0,19,124,19,54,0,82,55,669,271,7,10,2,1329,88.4,14.2,34.3,24,6.7,6.1,24.8,26.7,31.2,4.2,38.7,74.9,21.9,30.3,44.5,55.5,138,7.2,77.9,164,42.8,28.5,93,2443,14.1,86.6,2555,6.1,85.8,1864,13.5,82,2497,11.1,91.5,2317,13.1,89,2608,6.3,,,,
Carrasco, Carlos,471911,sp,1.2,2022,29,152,645,161,105,38,1,17,152,41,67,0,120,59,765,342,19,8,1,1598,88.4,9.7,35.2,31,7,8.8,24.6,19.4,35.2,3.8,39.5,71.6,17.3,34.7,46.6,52.7,206,6.3,82.2,141,45,27.6,93.2,2283,16.1,84.9,2457,4.2,87.4,1319,8.6,81.1,2645,9.2,91.9,2163,18.1,,,,,,,
Garcia, Luis,472610,rp,0.2,2022,64,61,259,57,47,7,0,3,68,17,23,0,65,28,312,155,7,5,0,617,89,6.6,27.8,7,4.1,3.6,26,22.5,39.1,3.6,38.5,65.5,19.3,31.3,50.6,47.4,79,7.6,80.1,59,40.5,29.9,97.4,2247,10.8,82.7,2482,12.6,,,,,,,98.7,2142,18,,,,88.8,1098,10,
Phelps, David,475479,rp,1.2,2022,65,63.2,272,52,39,9,2,2,64,31,20,0,65,21,421,230,5,4,2,691,88.4,16.1,36.4,9,5.2,6.4,27.7,30.6,24.9,4.6,34.7,60.9,12.3,23.7,33.3,65.4,51,5.6,86.7,38,44.3,19.3,93.2,2359,20.2,,,,86.5,2171,19.9,81.7,2532,8.3,93.2,2230,20.7,89.8,2421,14.4,,,,
Luetge, Lucas,476595,rp,0.7,2022,50,57.1,251,63,47,11,1,4,60,17,17,0,71,27,324,160,3,4,0,593,85.2,17.6,40.6,9,5.3,4.7,29.4,31.2,24.1,5.3,23.5,65,14.1,30.7,46.9,53.1,83,4.6,85.5,36,38.5,27.5,,,,78.3,2686,15.9,,,,73.5,2428,18.4,,,,87.6,2591,8.5,,,,
Kershaw, Clayton,477132,sp,3.8,2022,22,126.1,493,96,69,16,1,10,137,23,32,1,83,32,536,315,9,2,2,1250,87.1,11.6,30.5,14,4.2,5.7,24.2,25.4,34.4,5.4,33.2,68.5,17.3,33.1,52.6,45.1,161,7.9,81.9,109,43.8,28.9,90.7,2408,18.7,86.6,2577,9,83.8,2126,20.1,73.2,2395,16.4,90.8,2390,20.8,,,,,,,
Ottavino, Adam,493603,rp,2.3,2022,66,65.2,258,48,34,6,2,6,79,16,15,0,74,27,367,214,8,5,3,680,84.8,7.7,29.7,5,3.2,6.3,20.3,25.3,38.6,5.1,29.7,60.4,19.2,29,50.3,49.7,80,8.3,80.8,59,37.4,29.8,94.8,2351,16.3,81,2700,18.2,89.1,2080,16.7,,,,94.2,2253,17.7,87.8,2564,7.9,,,,
Quintana, Jose,500779,sp,3.4,2022,32,165.2,679,154,110,35,1,8,137,47,54,0,119,52,934,400,24,3,4,1705,86.5,9.9,34.4,27,5.5,5.7,26.5,22.2,33,6.5,35.8,68.3,15.4,32.8,36.6,62.8,188,5.1,84.2,122,43.1,23.8,91.2,2077,15.5,,,,86.4,1319,13.6,78.4,2261,11,91.4,2070,18.2,,,,,,,
Minor, Mike,501985,sp,-0.6,2022,19,98,455,120,71,25,0,24,76,40,66,0,87,71,604,303,8,7,0,1109,88.2,19.1,36.4,28,8.4,3.9,23.5,34.3,25,4.8,34.9,65.4,13.7,28.4,33.6,66.4,87,5.7,85.9,75,43.9,20.1,90.4,2472,14.9,85.4,2699,5.7,84.2,2175,19.5,79.2,2437,13.4,89.9,2567,18.1,,,,,,,
Archer, Chris,502042,sp,0,2022,25,102.2,437,87,49,26,0,12,84,48,52,0,77,47,661,286,11,3,1,1083,89.5,11,34.2,26,8.6,7.6,25.6,23.9,30.2,3.3,44.5,66.9,16.8,24.6,42.2,56.9,98,6.9,82.8,95,42.1,24.2,93,2174,19.8,88.7,2464,7,87,1705,16.1,81.7,2459,7.9,,,,,,,,,,
Gibson, Kyle,502043,sp,0.7,2022,31,167.2,718,176,117,33,2,24,144,48,94,0,106,88,922,418,18,9,3,1747,88.5,10.6,34.8,39,7.5,6,25.7,22.4,33.7,4.4,37.5,68.4,14.2,30.6,47,52.7,207,5.6,85.2,126,43.8,25.1,92,2279,17.2,83.4,2519,5.2,84.6,1621,15.4,79,2467,11.6,91.6,2133,16.3,89.4,2359,9.8,,,,
Robertson, David,502085,rp,2.6,2022,58,63.2,264,39,23,10,0,6,81,35,17,0,70,16,355,203,5,3,1,672,88.6,12.8,31.7,11,7.6,6.2,17.2,29,35.9,3.4,38.9,62.7,22,27.8,55.8,44.2,86,7.1,77.1,69,41.7,33,,,,83.9,2651,9.4,,,,84.7,2640,13.6,,,,93,2611,17.4,,,,
Cobb, Alex,502171,sp,2.6,2022,28,149.2,631,152,119,24,0,9,151,43,62,1,113,64,808,461,16,3,2,1550,89.2,1.8,26.3,16,3.7,5.1,26.3,14.3,45.5,4.4,41.1,61.2,15.2,29.9,43.2,56.3,161,7.1,84.5,109,43.8,24.8,95.5,2251,17.9,,,,,,,83.8,2610,14.4,94.8,2091,18.3,,,,89.6,1578,13.5,
Espino, Paolo,502179,sp/rp,0.5,2022,42,113.1,487,131,86,20,1,24,92,24,61,0,82,57,627,363,8,2,2,1205,89.3,14.4,36.3,29,7.9,9.8,24.7,26,26.6,5.1,41.2,63.9,14.6,26.1,37.8,62.2,93,6.7,85.2,87,44,21.4,88.5,2228,19.4,77.7,2738,19.1,83.6,1423,13.5,71.3,3006,22.4,,,,,,,,,,
Boxberger, Brad,502202,rp,1.1,2022,70,64,268,52,38,6,2,6,68,27,21,0,65,32,365,231,6,2,0,699,86.4,19.1,32.2,11,6.4,4.1,22.8,32.2,27.5,7,33.9,61.4,20.8,23.6,34.1,65.1,43,8.3,79.2,71,41.7,24.4,92.7,2385,18.5,87.3,2461,10,81.2,1332,12.7,,,,,,,,,,,,,
Darvish, Yu,506433,sp,4.4,2022,30,194.2,771,148,103,23,0,22,197,37,67,1,124,59,895,540,11,12,2,2016,88.5,17,31.2,46,8.8,6.7,22.1,30.1,28,4,37.1,65.3,18.2,30.3,43.6,56.4,175,9.1,81.4,196,42.9,25.1,95,2420,18.6,82.3,2737,16,,,,72.7,2632,18.6,94.7,2275,18.4,86.5,2755,6.8,89.2,1309,8.8,
Brasier, Ryan,518489,rp,-0.8,2022,68,62.1,263,68,37,22,0,9,64,13,40,0,45,48,275,150,6,1,0,689,90.7,11.5,38.9,16,8.6,6.5,23.8,24.9,33,3.2,46.5,72.6,17.3,34.2,44.6,55.4,70,9,82.7,66,45,25.2,95.9,2270,18.2,85.5,2469,6.9,88.1,1340,16.7,,,,96.1,2230,19.2,,,,,,,
Bumgarner, Madison,518516,sp,-0.8,2022,30,158.2,698,179,101,50,3,25,112,49,86,0,131,90,916,438,14,9,5,1752,90.3,16.8,37.7,52,9.8,6.6,26.1,28.6,24.4,4.4,43.2,70.1,13.8,27.5,28.7,70.5,109,7.6,85.7,129,42.8,18.1,91.2,2203,17.5,83.3,2205,6.2,85.5,1480,15.5,78.6,2304,9.8,91.2,2035,20.1,87.4,2295,8.9,,,,
Cishek, Steve,518553,rp,0.3,2022,69,66.1,287,54,39,3,1,11,74,27,31,0,65,41,426,228,5,13,2,730,87.3,15,42.2,15,8.7,6.4,24.9,26.6,26.6,6.9,37,60.8,16.1,26.7,46.4,53,77,6.6,83,54,40.9,26.1,89.3,2381,16.7,76.5,2275,17.1,83.1,2013,19.3,,,,89.8,2285,18.5,,,,,,,
Diekman, Jake,518617,rp,-0.3,2022,70,57.2,269,52,32,11,0,9,79,42,32,0,57,42,435,203,4,8,2,704,89.8,15.9,38.6,10,7.1,5,25,28.6,30,4.3,39.3,62.8,22.6,25.4,54.4,43.8,87,7.1,77.1,77,41.5,32.7,95.6,2284,20.3,81.4,2850,16.3,86.4,1511,14.8,,,,95.3,2174,19.5,,,,,,,
Kelly, Merrill,518876,sp,3.6,2022,33,200.1,804,167,104,40,2,21,177,61,75,1,138,69,1018,521,20,2,5,2011,88.5,14,31.2,47,8.3,4.8,21.3,28,33.5,3.4,36.5,67.7,18,29.9,35.9,63.7,167,6.9,81.9,184,45.4,23.6,92.6,2358,17.5,85,2416,4.1,88.6,2160,16.9,82.2,2549,13.8,92.6,2206,18,90.9,2338,13.2,,,,
Kimbrel, Craig,518886,rp,0.2,2022,63,60,260,51,32,14,1,4,72,28,25,1,49,26,375,186,6,5,1,672,90.7,16,29.7,14,9,9,20.6,27.1,28.4,5.8,43.9,64.3,20.4,25.7,51.4,48.6,71,7.6,79.6,71,43.4,29.2,95.8,2264,18,,,,,,,85.7,2542,12.8,,,,,,,,,,
Moore, Matt,519043,rp,2.4,2022,63,74,304,49,35,8,3,3,83,38,16,0,66,25,396,182,6,1,2,815,87.7,15.2,24.7,8,4.4,5.5,22,29.7,33,4.9,31.3,70.8,24,31.7,46.3,52.7,94,7.6,75.8,103,43.1,31.1,93.9,2385,20.3,,,,85,2020,19.2,83.6,2434,11.8,,,,,,,,,,
Smith, Will,519293,rp,-0.6,2022,65,59,261,58,34,14,1,9,65,25,26,3,53,36,284,156,1,2,2,657,88.9,17.5,36.7,10,5.9,8.3,24.9,29.6,26,5.3,41.4,67.3,16.5,36.5,54.2,44.8,104,7.1,82.8,51,42.1,30.9,92.1,2179,19.2,81.7,2259,6.4,87.4,2050,18.4,76.9,1883,12.3,,,,,,,,,,
Strickland, Hunter,519326,rp,0.1,2022,66,62.1,284,61,34,18,1,8,60,33,34,0,68,37,368,165,5,7,0,685,89.8,17.6,38,18,9.8,6.5,23.4,31,26.1,2.2,37.9,70.5,18.6,26.3,49.3,50,74,8.9,80.9,67,41.2,28.1,95,2352,14.6,84.8,2814,8.8,89.8,1773,16,,,,94.3,2236,16.8,,,,,,,
Perez, Martin,527048,sp,5,2022,32,196.1,821,178,130,37,0,11,169,69,63,2,172,63,1036,560,23,6,1,1885,88.2,8.1,30.9,25,4.3,5.2,26.4,20.8,37.8,4.7,34.9,65.1,16,27.6,30.5,69,138,5.2,83.5,140,49.4,21,92.7,2055,18.3,84.4,2397,7.3,84.4,1661,16.9,78.8,2515,8.3,92.6,1997,19.4,89.8,2215,12.5,,,,
Ramirez, Erasmo,541640,rp,1.5,2022,60,86.1,347,79,56,10,2,11,61,14,28,0,80,34,380,193,13,6,0,824,88.7,11.9,31.6,13,4.9,6.8,22.9,25.9,35.3,3.8,36.1,70.8,15.6,29.6,37.5,62.5,63,8.7,84.2,72,41.3,21.4,93.7,2191,17,,,,85.4,1657,14.7,80.6,2562,8.8,93.1,2206,17,89.2,2385,9.5,,,,
Anderson, Tyler,542881,sp,4.3,2022,30,178.2,707,145,94,31,6,14,138,34,51,0,123,50,740,418,20,9,1,1776,85,16.9,34.2,26,4.9,6.1,21.5,31.6,27.2,7,28.5,68.9,17.5,35.3,38.4,60.5,168,7.6,82.1,161,45.3,24.2,90.7,2231,19.6,,,,79,1848,16.2,73.2,2141,8.7,89,2227,18.8,85.7,2421,10.3,,,,
Armstrong, Shawn,542888,rp,0.2,2022,50,61.2,269,66,42,17,0,7,66,17,30,0,54,38,304,164,3,4,1,727,87.4,10.6,31.3,14,7.7,3.3,22,22.5,39,4.9,33.5,69.2,21.7,35.2,36.5,63.5,61,9.6,78.3,86,44,26.1,95.3,2302,17,86.1,2518,10.6,,,,,,,95.6,2151,19.4,92.3,2460,9.8,,,,
Bass, Anthony,542914,rp,2.7,2022,73,70.1,275,51,36,8,1,6,73,20,12,0,73,20,297,174,7,0,3,653,87.6,14.3,29.7,11,6,5.5,22,29.1,35.7,1.6,33.5,64.8,17.7,33.2,58.3,41.7,98,7.7,82.3,55,42.9,31.9,95,2022,18.1,86.6,2221,5.3,,,,,,,95.4,1990,19.7,,,,86.7,1289,14.8,
Cole, Gerrit,543037,sp,2.4,2022,33,200.2,793,154,88,31,2,33,257,50,78,2,113,78,1055,575,13,2,5,2152,89.4,12.6,32.5,46,9.5,7.7,22.8,24.8,30.6,3.1,40.2,65.8,23,32.4,53.7,46.2,301,7.5,76.8,234,42.9,33.9,97.8,2428,21.1,88.7,2569,5.6,89.7,1616,17.1,83,2779,16.6,,,,92,2485,8.5,,,,
Eovaldi, Nathan,543135,sp,1.5,2022,20,109.1,460,115,73,21,0,21,103,20,47,0,81,51,523,278,11,1,1,1190,89.7,10.7,34.2,36,10.7,7.4,24.1,20.5,30.1,6.5,45.2,71.1,17.6,32.5,43.1,56.6,118,8.2,82.3,112,44.9,25.2,95.7,2128,19.1,85.9,2171,7.9,,,,78.3,2061,13.7,,,,90.6,2376,11.5,87.8,1561,12.6,
Gray, Sonny,543243,sp,2.4,2022,24,119.2,488,99,69,16,3,11,117,36,41,0,81,40,623,379,9,6,1,1192,88.1,12.1,33.1,18,5.5,7,24,24.6,34,4.9,39.8,61.5,14.4,27.1,37.2,62.4,99,7.3,84.6,79,42.3,21.9,92.1,2540,15.5,81.6,2666,18.7,87.1,1882,16.8,78.7,2831,20.3,92,2439,16.7,83.4,2771,9.8,,,,
Hendricks, Kyle,543294,sp,0.5,2022,16,84.1,356,85,49,18,3,15,66,24,45,0,54,43,468,242,7,3,2,856,87.5,16.5,40.5,26,9.9,8,23.3,25.2,26.7,6.1,38.9,63.9,16.5,30.6,36.6,63,83,5.4,83.2,64,45.4,23.9,86.9,2020,17.1,,,,79.9,2040,17.2,72.7,2983,20.3,86.5,1890,15.7,,,,,,,
Lyles, Jordan,543475,sp,1,2022,32,179,774,196,123,46,1,26,144,52,88,0,139,81,988,511,19,8,1,1893,88.6,15.3,35.1,59,10.4,6.3,24.6,25.8,27.9,5.1,38.8,65.9,14.5,28.3,37.5,62.1,166,7.4,85.4,136,41.5,21.9,91.8,2204,18.1,80,2640,17.1,86.3,1466,15.9,79.1,2434,16.6,90.8,2097,18.4,84.8,2440,6.4,,,,
McHugh, Collin,543521,rp,2,2022,58,69.1,272,51,37,9,0,5,75,14,20,0,67,26,329,175,6,5,0,718,86.6,15.3,33.1,9,5.1,5.6,25.8,29.8,30.9,2.8,31.5,68.4,18.5,34.5,41.4,57.6,84,7.3,80.9,63,42.4,27.1,91,2333,19,80.2,2784,16.6,,,,74.5,2799,18,,,,88.9,2511,9,,,,
Odorizzi, Jake,543606,sp,-0.1,2022,22,106.1,453,106,77,13,2,14,86,35,52,0,69,49,623,241,6,3,4,1142,87.8,19.8,36.8,24,7.3,5.2,27.1,36.5,20.7,3.3,33.1,74.1,17.3,28.3,33.8,65.8,90,6.8,82.5,110,43.9,22.2,92.1,2144,20.1,82.6,2067,7.8,,,,71.9,2209,13.4,,,,87.6,2077,12.8,85.1,1324,13.8,
Shaw, Bryan,543766,rp,-1,2022,60,58.1,261,58,38,11,0,9,52,26,35,0,60,34,340,143,5,4,0,603,90.8,8.3,34.1,12,6.7,3.9,28.5,21.2,37.4,1.7,44.1,72.2,14.1,24.1,43.3,56.7,52,8.9,85.3,48,39.5,21.7,,,,84.3,2590,10.6,81.8,1652,11.3,82.7,2230,14.6,92.4,2020,12.6,92.9,2411,10.1,,,,
Lorenzen, Michael,547179,sp,1.1,2022,18,97.2,411,81,52,18,0,11,85,44,46,0,70,41,587,235,14,4,1,1022,88.1,9.7,29.9,19,6.8,5,22.7,23.7,38.5,3.2,37.1,69.3,17.9,28.9,40.1,59.1,103,7.4,81.7,95,42,25.2,94.6,2439,19.2,83.4,2482,10.7,85.7,2054,19.1,81.3,2653,15.7,93.9,2252,19.2,90.4,2496,9.1,,,,
Stripling, Ross,548389,sp/rp,2.7,2022,32,134.1,536,117,77,28,0,12,111,20,45,0,81,46,608,336,7,2,3,1383,88.9,12.2,34.7,37,9.2,6,22.6,25.6,33.3,3,37.2,68.8,15.9,34.5,38.4,61,136,7.7,84,110,46.5,23.5,91.9,2124,19.7,87.1,2301,8.1,82.6,1680,15.3,76.1,2377,13.7,89.9,2004,19,,,,,,,
Wheeler, Zack,554430,sp,5.1,2022,26,153,607,125,83,23,6,13,163,34,48,1,99,48,739,383,14,7,4,1573,85.9,11.4,34,31,7.7,5.5,23.1,20.6,33.5,9.2,34.5,68,18.8,32.8,38.4,61,148,6.8,81.1,151,43.7,25.1,95.9,2390,18.7,90.6,2459,7.6,89.5,1557,17.4,81.3,2654,13.9,95.4,2225,19.9,,,,,,,
Urena, Jose,570632,sp,0.3,2022,21,97,432,109,80,17,1,11,63,43,54,0,84,52,578,231,16,1,2,989,88.2,7.3,33.2,22,6.8,6.8,24.9,18.8,38.5,3.7,38.5,68.7,11.3,31.2,32,66.7,95,5.4,88.3,52,44.6,19.4,96.1,2149,16.3,86.8,2324,6.8,90.2,1707,14.9,,,,95.6,2190,16.4,,,,,,,
Cessa, Luis,570666,rp,0.8,2022,46,80.2,336,76,49,11,2,14,59,28,41,0,65,47,406,212,12,2,1,786,89.7,8.4,27.9,23,9.3,6.5,19.8,20.6,38.9,4.5,42.9,65.6,12.1,28.2,43.8,56.2,78,7.4,87.1,48,44.5,22,93.3,2297,16.5,82.9,2528,7.6,87.8,1679,13.2,,,,93.6,2191,18.2,,,,,,,
Corbin, Patrick,571578,sp,-2.5,2022,31,152.2,713,210,143,35,5,27,128,49,107,0,129,106,858,438,14,7,5,1682,90.8,11.5,40.1,58,11,7.6,28,19.1,30.8,3.2,45,67.7,12.6,28.5,38.9,60.9,150,7.4,86.7,108,42.8,20.7,92.1,2120,17,81.7,2184,3.8,82.5,1631,16.3,74.2,1944,2.9,92.9,2069,18.7,,,,,,,
Givens, Mychal,571710,rp,0.8,2022,59,61.1,260,56,38,10,0,8,71,25,23,0,60,27,359,182,6,5,3,651,87.6,11.9,35.2,13,8.2,5,25.8,24.5,30.8,3.8,38,66.7,23.2,24.9,37,62.2,47,9.8,76.5,79,40.7,27.1,93.4,2426,14.1,84.7,2575,7,82.1,2067,10,,,,,,,,,,,,,
Heaney, Andrew,571760,sp,0.7,2022,16,72.2,310,60,29,16,1,14,110,19,25,0,53,29,392,193,1,9,1,822,91.2,17.8,34.3,19,11,8.7,23.3,29.1,21.5,4.7,47.7,66.7,23.8,36.4,56.5,42.6,130,7.9,75.4,95,46.7,35.8,93,2442,20.7,83.4,2583,4.9,85,2124,18.1,,,,,,,,,,,,,
Hutchison, Drew,571800,sp/rp,0,2022,28,105.1,464,114,80,17,2,15,68,42,53,0,88,49,596,262,14,2,1,1101,90.3,14.3,35.5,31,8.8,6.3,26.4,25.9,29,3.4,40.9,69.2,14,29.1,32.5,66.8,89,7.8,85.7,79,42.5,20,92.4,2258,17.4,86,2582,5.2,86.5,1738,16.6,,,,92.7,2302,18.5,,,,,,,
Loup, Aaron,571901,rp,-0.9,2022,65,58.2,260,54,36,14,0,4,52,22,25,0,56,27,318,157,5,8,2,631,88,6.5,35.4,10,5.6,6.7,28.1,17.4,34.3,7.9,34.3,67.5,16.5,31.8,39.6,60.4,63,6.3,82.9,52,40.6,24.3,,,,,,,80.3,1946,17.9,76,2343,16.7,91.2,2130,19.4,84.7,2323,3.2,,,,
Mikolas, Miles,571945,sp,2.4,2022,33,202.1,805,170,112,31,2,25,153,39,74,1,116,76,1013,558,19,6,3,2099,87.8,11,35.1,42,6.9,6.8,23.6,23.9,34,4.3,36,67.7,12.6,27.9,34.4,65.1,143,7.6,86.8,142,45.4,18.5,93.5,2292,15.9,87.7,2382,6.2,82.7,1575,15.5,76.2,2555,17.8,93,2232,18.4,,,,,,,
Milner, Hoby,571948,rp,0.4,2022,67,64.2,272,61,40,16,0,5,64,15,27,0,76,26,388,232,5,7,0,684,85.1,6.1,34.9,6,3.2,9.7,25.8,17.7,34.9,8.6,33.3,57.6,17.6,29.2,32.2,66.7,58,4.8,81.3,48,42.8,23.5,89.2,1974,18,,,,81.3,1783,17.4,79.5,1887,13.6,88.9,1989,18.6,,,,,,,
Keuchel, Dallas,572971,sp,-2.6,2022,14,60.2,303,94,59,21,3,11,45,31,62,0,54,66,414,178,7,0,2,703,88.8,5.5,39.6,20,8.8,5.3,25.6,17.6,40.1,2.6,39.2,67.4,11.7,30.6,37.3,61.8,81,5.1,87.7,36,42.6,22.3,87.9,2185,14.2,77,2316,10.6,79.2,1551,15.3,,,,87.2,1940,16.6,85.2,2167,8.2,,,,
Rogers, Taylor,573124,rp,-0.7,2022,66,64.1,274,57,34,13,3,7,84,19,34,0,54,42,336,244,5,11,1,719,88.6,12.7,35.6,14,8.8,7.5,25.6,23.8,28.7,5.6,40.6,58.3,19.7,27.9,56.6,43.4,82,7.6,79.1,65,41,30.9,93.6,2223,11.7,80.9,2693,14.5,,,,,,,94.3,2168,18.8,,,,,,,
Stroman, Marcus,573186,sp,2.6,2022,25,138.2,569,123,81,25,1,16,119,36,54,2,102,54,715,410,9,4,5,1410,89,7,32,27,6.6,4.9,26.1,18,39.8,4.6,40.7,63.3,13.4,29,41.3,57.8,133,7.8,86.3,91,43.6,22.4,92.4,2425,14,84.7,2672,13.9,,,,81.3,2531,16.6,92,2266,9.9,89.4,2576,5.9,87,1713,12.5,
Kikuchi, Yusei,579328,sp/rp,-1.1,2022,32,100.2,454,93,46,21,3,23,124,58,58,0,77,60,655,264,8,9,3,1139,91.6,10,38,39,14.8,6.5,27,15.2,33.1,2.7,47.9,68.6,24.1,27.7,47,52.7,124,7.2,75.6,147,41.8,31,94.9,2270,20.8,86.5,2353,5.3,87,1563,13.6,,,,,,,91.1,2255,11.3,,,,
Gausman, Kevin,592332,sp,3,2022,31,174.2,725,188,134,35,4,15,205,28,65,2,126,66,719,398,12,1,4,1954,89,12.2,38.1,40,8.1,4.9,29.3,24.6,29.9,3.1,38.5,72.7,19.8,39.8,46.2,53.6,261,6.8,79.8,196,44,29.4,95,2265,20.5,84.4,2198,4.1,84.5,1490,11.7,,,,,,,,,,85.2,1571,16.3,
Gray, Jon,592351,sp,1.4,2022,24,127.1,521,105,69,17,2,17,134,39,56,2,79,56,639,364,12,6,2,1372,88,11.1,34.8,21,6.1,5,25.4,25.7,33.9,3.5,38,66.7,17.6,30.5,44.7,54,138,7.5,81.7,123,43.3,25.9,95.9,2015,17.3,84.9,2467,12.2,88.7,1455,17,77.8,2597,18,,,,,,,,,,
Ray, Robbie,592662,sp,2.1,2022,32,189,775,163,97,29,5,32,212,62,78,0,130,79,999,395,14,7,9,1964,89.7,14.7,34,39,7.9,7.5,23.1,27.1,30.4,3.6,39.1,74.1,21.4,31,48.4,51.2,240,7.1,78.3,230,41,30,93.4,2282,19.4,87.2,2190,8.1,86.9,1759,17.2,79.7,2106,3.7,93.3,2190,20,,,,,,,
Sampson, Adrian,592716,sp,2.1,2022,21,104.1,428,101,71,18,2,10,73,27,36,1,77,33,608,243,14,2,2,1060,87.9,13.6,36.2,22,6.7,6.1,24.8,27.6,30.4,4,35.9,69.7,13.8,30.5,34.8,64.9,98,5.7,85.6,74,46.2,21.1,92.5,2075,18.1,83.1,2616,10.9,85.1,1816,17.2,,,,91.9,2003,18.3,84.9,2493,5.5,,,,
Sanchez, Aaron,592717,sp,-1,2022,15,60,265,78,54,16,0,8,41,15,44,0,46,39,328,175,11,5,4,651,92.4,8,28.4,12,5.9,7.4,31.4,16.2,35.3,3.4,48,65.5,13.2,29.6,28.5,70.9,43,7.5,86.2,43,45,18.1,92.4,2140,17.9,,,,87.8,1708,17.2,79.1,2632,16.8,92.1,2131,19.2,,,,,,,
Smith, Caleb,592761,rp,0.1,2022,44,70,302,57,31,11,1,14,65,39,32,0,65,36,443,174,5,1,2,775,86,24.1,29.9,13,6.6,6.6,20.3,40.1,21.3,5.1,29.9,71.6,21.6,25,50,50,76,7.5,78.2,97,44.4,28.8,91.9,2429,21.8,85.4,2332,9.1,83.6,2130,20.7,78.9,2410,8.2,,,,,,,,,,
Smyly, Drew,592767,sp,1.9,2022,22,106.1,447,101,60,24,1,16,91,26,41,0,76,36,539,273,6,5,1,1217,86.7,16.3,34.5,28,8.6,5.8,23.4,27.4,26.2,5.5,35.6,70.5,19.1,32.3,39.9,60.1,107,8.3,80.6,120,42.4,26,,,,,,,82.6,1300,12.9,78.7,2119,3.4,92.6,2158,19,88.6,2103,12,,,,
Syndergaard, Noah,592789,sp,1.8,2022,25,134.2,565,138,95,24,5,14,95,31,59,0,92,57,631,348,14,4,3,1358,87.1,12.3,37.7,34,7.8,6,25.3,24.1,31.7,4.8,34,69.6,14.8,29.1,33.3,66.3,96,7.6,84.6,107,44.6,20.1,94.1,2136,15.5,84.8,2153,6.9,88.5,1543,17.5,76.4,2131,11.7,93.6,2125,17.8,,,,,,,
Taillon, Jameson,592791,sp,1.3,2022,32,177.1,728,168,97,42,3,26,151,32,77,0,109,71,917,460,9,5,2,1838,88.5,14.5,34.5,45,8.3,6.7,22.6,27.6,29.3,4.8,36.2,68.4,14.6,31.2,40.3,59.5,182,7.1,84.8,135,44.6,23,94.1,2370,18.8,86.2,2556,7.9,87.7,1845,17.8,81.1,2734,13.9,94.2,2298,20.1,90.7,2533,13.1,,,,
Velasquez, Vince,592826,sp/rp,0.4,2022,27,75.1,319,68,36,21,0,11,69,25,40,1,52,45,426,208,3,2,1,832,91.6,19.7,35,29,13,8.1,20.6,31.8,23.8,2.2,44.4,69.7,19.3,26.6,40.5,59.5,68,7.7,80.5,88,43.8,25,93.2,2417,19.3,84.7,2502,8.7,88.1,1541,14.3,81.5,2361,10.7,91.9,2259,18.8,,,,,,,
Walker, Taijuan,592836,sp,2.6,2022,29,157.1,649,143,100,27,1,15,132,45,61,0,117,57,844,415,14,6,2,1598,89.3,11.3,33.7,34,7.3,5.4,24.5,23,35.4,3.4,40.6,66.4,15.2,30.1,40.3,59,159,6.6,84.6,120,43.1,23.6,93.7,2149,20.2,84.8,2403,8.4,,,,75,2226,13.6,92.9,2023,20.1,88.6,2329,12.3,88.8,1447,11.3,
Wick, Rowan,592858,rp,0,2022,64,64,294,79,55,13,2,9,69,29,30,0,73,37,360,201,9,1,1,750,88.5,11.6,36.9,20,10.3,4.6,29.2,17.4,31.8,5.6,40.2,65.1,15.4,28.4,42.9,55.8,66,6.6,84.1,59,43.4,23.5,94.9,2255,18.1,82.2,2149,12.9,82.9,723,13,76.8,2604,20,91.7,1777,17.8,93.1,2240,15,,,,
Williams, Trevor,592866,sp/rp,1.4,2022,30,89.2,372,87,58,15,2,12,84,23,32,0,75,41,483,209,9,4,2,896,87.8,18.3,33.3,20,7.7,6.1,24.5,29.1,27.2,5,37.2,72.2,14.9,27.6,44.6,54.9,91,6.3,84.9,72,43.3,23.7,91.2,2242,14.9,83.2,2248,6.5,84.4,1797,14.9,78.6,2256,12.5,89,1918,16.1,,,,,,,
German, Domingo,593334,sp,0.7,2022,15,72.1,298,65,37,17,0,11,58,19,29,1,46,30,334,186,8,4,0,724,89.4,16.7,32.3,15,6.9,7.8,20.7,30.4,30,3.7,40.6,68,13.6,30.7,49.4,50,80,7.9,86.2,51,42.9,24.3,92.7,2539,19.8,,,,85.9,2368,20.1,81,2617,4.2,92.7,2476,19.9,,,,,,,
Montas, Frankie,593423,sp,1.1,2022,27,144.1,608,137,90,28,1,18,142,43,65,0,112,64,738,303,17,6,3,1497,87.6,11.2,31.8,33,8,4.8,23.4,23.6,35.7,3.9,34.2,72.4,18.3,33.2,45,54.8,187,6.7,81.4,142,43.5,27.6,96.1,2356,18.1,87.2,2410,7.3,,,,,,,95.6,2243,19.4,89.5,2397,7.8,86.4,1467,12.8,
Neris, Hector,593576,rp,0.5,2022,70,65.1,263,49,32,13,1,3,79,17,27,1,47,27,302,172,4,6,1,673,89.7,16.6,36,11,6.8,9.9,23.6,28,26.7,5,44.7,66.4,19.5,32.4,52.8,46.6,86,7.3,79.9,66,46.4,30.3,94.3,2448,20.2,87.6,1975,6.3,,,,,,,94.5,2351,21,,,,85.1,1136,11.2,
Rodriguez, Eduardo,593958,sp,0.1,2022,17,91,391,87,57,17,1,12,72,34,41,0,66,43,514,241,12,2,0,932,87.5,12.6,30.7,20,7.1,5.3,23.7,25.8,32.5,5.3,36,65.6,14.6,30.2,25,74.6,58,7.9,85.2,67,43.9,18.1,91.7,2173,16.2,82.7,2172,4.5,85.5,1873,18.1,,,,91.7,2148,17.5,88.7,2192,10,,,,
Gonzales, Marco,594835,sp,-0.1,2022,32,183,783,194,120,44,0,30,103,50,84,0,137,89,929,429,18,7,2,1875,86.7,14.5,32.3,45,7.2,3.5,25,28.3,30.8,4.8,35,70.7,14.6,32.8,25.6,73.8,124,6,84.9,140,47.8,18.3,88.4,1986,19.3,,,,79.4,2114,18.8,76.6,2114,14.6,,,,86.1,2030,11.9,,,,
Beede, Tyler,595881,rp,-0.2,2022,31,61.1,285,71,47,16,1,7,39,29,35,0,71,35,388,173,4,5,2,647,88.7,9.1,30.7,11,5.2,4.7,27.8,20.8,35.8,5.7,42.5,68,13.4,24.7,35.6,64.4,52,5.8,86.3,44,41.9,20.3,95.8,2081,17.2,88,2068,3.9,84.8,1617,16.2,79.1,2060,15.3,95.6,2127,18.2,,,,,,,
Junis, Jakob,596001,sp,1.6,2022,23,112,478,120,71,33,3,13,98,25,55,0,82,50,575,365,5,4,1,1188,88.9,12.1,35.3,26,7.4,5.1,29.3,23.4,30.8,3.7,38.2,60.8,13.7,28.6,40.2,58.9,97,9.2,85.7,80,42.1,21.5,90.8,2210,13.6,83.1,2475,13.7,84.7,1395,11.5,,,,91.9,2189,15.6,85.6,2427,8.1,,,,
Norris, Daniel,596057,rp,-0.5,2022,41,58.2,250,45,21,12,1,11,66,29,34,1,47,34,362,179,8,7,1,615,89.1,12,32.4,16,10.8,3.4,24.3,23.6,33.8,4.1,40.5,61.9,18.9,27.6,53.2,46.1,82,7,80.7,53,40.6,31.4,91.2,2351,19.1,79.9,2629,13.8,86.7,1426,13.4,76.1,2402,15,90.9,2252,18.9,,,,,,,
Gomber, Austin,596295,sp/rp,0.3,2022,33,124.2,529,137,85,27,5,20,95,34,77,0,78,79,667,315,13,2,4,1323,88.1,12.4,35.7,34,8.5,5.8,25.1,24.9,29.9,5.3,35.9,69.9,15.1,27.4,39.9,59.7,111,6.7,84.1,110,45.1,21.9,91,2156,18.5,84.3,2391,6.4,82,1644,14.5,75.8,2497,15.7,,,,,,,,,,
Machado, Andres,600921,rp,0.1,2022,51,59.1,261,55,32,16,0,7,46,26,22,0,67,32,329,151,4,2,0,644,89.5,9.9,38,16,8.6,7,25.1,21.4,32.6,4.3,42.8,68,17.2,32.4,36.9,62.5,62,5.5,82.5,56,43.7,23.9,95.6,2113,18,87.1,2010,6.4,88.9,1519,12.9,,,,95,2039,19.4,,,,,,,
Pivetta, Nick,601713,sp,2.6,2022,33,179.2,773,175,111,36,1,27,175,73,91,1,141,84,1004,517,11,5,6,1983,90.7,15.2,36.3,47,9,10.4,22.7,25.6,29.2,2.5,45.6,68.3,17.5,25.8,40.4,59.6,157,8.3,82.5,188,42.8,23.5,93.4,2310,21.3,85.8,2319,8,87.1,1170,12.3,77.2,2710,20.2,,,,,,,,,,
Barlow, Scott,605130,rp,2.8,2022,69,74.1,290,52,38,4,1,9,77,22,18,0,72,32,365,226,11,3,1,779,86.4,11.6,29.3,13,6.9,5.3,21.3,27.1,33,5.9,30.3,57.3,16.9,37.2,52,48,128,5.8,83.1,52,42.3,32.5,93.6,2394,12.8,84.1,2473,8.4,,,,78.6,2513,18.5,92.6,2129,15.1,,,,,,,
Bassitt, Chris,605135,sp,3.2,2022,30,181.2,745,159,113,26,1,19,167,49,69,1,136,63,938,553,24,13,3,1894,85.7,10.8,31.1,34,6.6,4.7,22.5,23.3,36.1,6.6,32.8,65.1,19.6,25.4,35.1,64.3,121,8.3,80.1,195,44,23.6,93.2,2191,14.9,82.7,2345,7.6,85.4,1824,17.9,71.6,2330,20.4,92.8,2118,18.8,89,2262,9.4,,,,
Brebbia, John,605154,rp,1.6,2022,76,68,288,71,43,20,3,5,54,18,24,0,65,29,343,163,4,1,4,733,87.8,17.1,32.6,14,6.5,9.3,22.3,32.1,22.8,7,38.6,73.6,18.4,29.1,37.5,62.5,57,9.2,81.6,77,39.4,23.5,94.4,2309,20.2,84,2548,7.2,,,,,,,,,,,,,,,,
Bundy, Dylan,605164,sp,-0.3,2022,29,140,595,151,96,29,2,24,94,28,76,0,92,72,617,370,6,3,1,1507,88.9,18.6,35.3,42,8.9,7.7,20.9,32.1,26,4.3,38.3,68.5,14.6,33.9,35.8,63.9,125,7.8,84.3,115,42.9,21.1,89,2352,20,79.1,2404,6.2,81.1,1361,13.9,72.2,2148,13.8,89.7,2194,21.1,,,,,,,
Clevinger, Mike,605182,sp,0.6,2022,23,114.1,485,102,65,16,1,20,91,35,55,0,85,49,637,303,5,10,1,1234,88.2,18.8,36.7,33,9.5,6.3,21.8,33.2,23.2,5.4,39.1,67.5,18.4,28.2,39.1,60.9,104,7.1,81.4,122,42.8,24.3,93.6,2300,19.2,79.9,2447,15.9,86.3,1554,17.9,76.8,2231,13,93.2,2242,20.7,86.6,2472,7.8,,,,
Davies, Zach,605200,sp,0.7,2022,27,134.1,570,122,79,20,2,21,102,52,61,0,99,60,862,418,11,2,5,1385,87.4,13,31.6,33,8,4.8,24.4,26.6,29,6.8,34.5,64,16.1,24.5,32.6,67.4,101,5,83.3,106,48.4,21.4,,,,76,2504,16.7,79.7,1672,16.6,74.7,2583,16.8,89.6,2084,19.7,87.6,2148,14.3,,,,
Edwards Jr., Carl,605218,rp,1.3,2022,57,62,256,51,38,5,0,8,56,25,19,0,67,22,343,165,3,1,3,652,87.7,12.2,32.8,8,4.6,5.7,21.3,29.3,35.1,2.9,35.6,67,16.1,30.2,41.8,57.6,66,9.2,83.6,53,44,24.4,94.6,2522,16.5,,,,90.6,1654,16.2,80.2,2120,13.1,,,,,,,,,,
Fulmer, Michael,605242,rp,0.8,2022,67,63.2,276,59,40,14,1,4,61,28,24,0,68,26,387,160,6,5,1,640,88.3,16.8,37.4,8,4.4,8.8,26.4,29.7,28.6,2.2,36.8,68.4,18.8,27.3,49.7,49.7,77,6.4,80.6,61,39.8,28.7,94.2,2301,16.4,90.3,2415,8.5,86.5,1503,14.1,78.9,2409,18,94.5,2188,18.5,,,,,,,
Holmes, Clay,605280,rp,1.3,2022,62,63.2,260,45,34,9,0,2,65,20,18,0,63,24,318,173,5,9,0,629,89,-8.1,17.6,3,1.8,5.5,17.6,7.3,63.6,2.4,43.8,64.8,18.5,30,51.6,47.7,80,7,80.9,55,40,29.6,98,2266,14.3,88.3,2525,4.9,,,,,,,97,2208,17.8,,,,,,,
Houser, Adrian,605288,sp,-0.8,2022,22,102.2,455,103,69,24,2,8,69,47,54,0,82,60,677,314,9,2,2,1111,88.7,10.3,32.6,19,5.6,8.6,25.5,19.9,33.2,6.5,41.5,64.6,12.6,25.9,25.9,73.3,69,4.8,87,67,45.9,17.1,94.3,2214,18.2,85,2265,7.1,85.4,1548,16.8,81.1,1984,15.5,93.8,2077,18.4,,,,,,,
Lopez, Jorge,605347,rp,1.8,2022,67,71,298,53,40,6,3,4,72,31,20,2,73,25,361,219,7,7,1,763,87.3,1.7,29.8,9,4.8,4.3,20.7,16.5,45.7,6.9,33,63.8,15.9,27.5,46.3,53.7,69,9.7,83.5,63,39.1,24.3,97.3,2068,18.5,87.4,2369,9,90,1699,16.3,84.1,2449,15.2,97.7,1990,19.1,,,,,,,
Musgrove, Joe,605397,sp,3.2,2022,30,181,740,154,94,36,2,22,184,42,59,0,133,61,880,561,14,14,0,1880,86.4,11.7,34.7,30,6,6.6,23,24,32.9,6.8,32.5,61,16.9,32,42.2,57.6,191,6.6,82.9,146,43.6,25.5,92.9,2559,14.2,82.9,2715,13.2,86.5,1974,12.4,81.3,2722,16.8,92.4,2436,15.7,90.1,2581,9.4,,,,
Nola, Aaron,605400,sp,6,2022,32,205,807,168,109,39,1,19,235,29,74,0,117,69,885,600,10,9,8,2104,87.7,12.5,34.3,38,7.1,6.9,23.6,25.3,31.6,5.1,31.6,63.8,18.7,34,46.8,53.2,232,7.5,80.8,188,45,27.9,92.8,2308,20.3,,,,85.9,1482,15.9,78.6,2589,18.1,92.2,2198,19.6,86.8,2212,7.5,,,,
Romano, Jordan,605447,rp,2.9,2022,63,64,258,44,35,5,0,4,73,21,15,0,64,20,301,157,5,4,0,675,90.3,12.5,28.9,11,6.9,6.9,28.3,27,26.4,3.1,45.9,70.8,23.1,32.4,47.4,52.6,73,7.6,76.4,84,44.2,30.3,96.9,2289,19,87.3,2082,5.2,,,,,,,96.5,2357,22.7,,,,,,,
Snell, Blake,605483,sp,2,2022,24,128,535,103,67,23,2,11,171,51,48,0,96,44,790,333,7,2,4,1455,90.1,17.1,39.2,23,7.4,6.1,27.7,30.9,25.1,2.9,39.5,68.6,21.9,30.6,53.2,46.5,208,6.5,77.8,160,41.8,32.8,95.8,2434,19.6,88.9,2389,6.8,87.1,1899,17.1,81.4,2297,15.6,,,,,,,,,,
Springs, Jeffrey,605488,sp,3.7,2022,33,135.1,549,114,78,19,3,14,144,31,37,1,110,42,699,350,10,1,4,1431,87.5,14.9,34,22,5.9,7.8,27.5,27.2,26.1,5.1,37.7,66.2,23.1,35.4,40.8,59.2,160,6.7,76.6,159,45.3,29.5,91.4,2254,21.2,85.4,2188,7.5,81.1,1415,15.8,,,,90.1,2316,23.6,,,,,,,
Thompson, Zach,605507,sp/rp,-0.3,2022,29,121.2,543,138,95,23,1,19,90,46,70,0,104,66,727,329,15,3,2,1306,88.3,11.3,34.2,26,6.4,6.2,28.2,19.8,34.9,4,39.6,68,15.8,28.7,40.8,58.6,130,7.5,84.2,104,43.4,24,92.3,2386,14.2,,,,85.7,1864,13.7,76.6,2244,11.4,92.2,2230,12.8,86.8,2580,5.6,,,,
Woodruff, Brandon,605540,sp,2.7,2022,27,153.1,620,122,74,28,2,18,190,42,52,0,104,46,815,429,9,5,5,1682,88.8,16.8,34.1,27,7.1,7.3,23.9,30.4,25.5,5.2,37.5,66.9,23.5,31.4,47.8,51.4,188,9,76.4,202,44.3,31.1,96.3,2350,18.6,88,2408,5.6,86.1,2008,18.3,84,2497,8.1,95.8,2286,19.8,,,,,,,
Montero, Rafael,606160,rp,1.3,2022,71,68.1,270,47,36,7,1,3,73,23,18,0,63,21,392,192,10,2,0,695,86.3,7.9,29.7,5,2.9,5.8,25.6,21.5,37.2,7,32.6,65.2,25.8,30.6,32.4,67.6,60,6.3,73.9,82,48.4,28.2,96.4,2335,18.5,87.9,2345,7.5,91.1,2056,18,,,,95.9,2233,18.5,,,,,,,
Garcia, Jarlin,606424,rp,0.4,2022,58,65,270,60,38,11,1,10,56,18,27,0,50,41,321,170,4,1,0,661,88.8,16.7,31.3,21,10.8,4.1,24.1,30.8,25.6,4.6,41.5,67,18.2,27.8,42.5,56,57,7.9,81.2,65,44.1,24.8,93.8,2201,19.8,82.7,2251,6.5,85.2,2112,19.1,,,,,,,,,,,,,
Rodon, Carlos,607074,sp,5.4,2022,31,178,710,131,87,31,1,12,237,52,57,0,125,54,947,491,10,3,2,1979,89,19.4,33.6,27,6.5,5.3,26.4,33.8,23,5,39.8,68.5,23.5,31.2,48.1,51.9,224,7.4,76.1,240,43.1,31.2,95.5,2349,19.1,85.4,2447,8.6,84.6,1757,17.8,79.8,2454,14,,,,,,,,,,
Fedde, Erick,607200,sp,-0.7,2022,27,127,573,149,101,27,0,21,94,58,82,0,104,75,922,417,14,0,2,1458,89.5,13.4,34.9,34,8.1,5,27.6,24.2,31.1,4,43.5,65.9,13,22,33.1,65.5,92,6.7,86.5,99,43,18.3,,,,,,,86,1516,15,78.4,2389,15.2,92.5,1877,13.4,89.2,2123,8.2,,,,
Martinez, Nick,607259,sp/rp,1.1,2022,47,106.1,448,96,62,19,0,15,95,41,41,0,98,50,539,299,14,4,1,1117,86.5,11.5,30.2,25,8.1,5.2,23.7,22.4,34.7,5.5,37,64.2,15.6,32.5,43,56.3,126,6.4,83.4,82,43.9,25.4,93.4,2336,18.8,,,,79.7,1718,14.5,81.7,2605,17.3,93.3,2347,20.6,88.6,2380,8.2,,,,
Freeland, Kyle,607536,sp,2.4,2022,31,174.2,766,193,119,47,8,19,131,53,88,0,141,86,976,444,22,16,6,1793,89.8,12.7,35.2,55,9.7,6.5,26,23,30.4,4.2,42.4,69,13,27.6,38.8,60.9,158,6.4,86.9,122,44.7,20.8,90.3,2389,14.8,85.5,2376,5.1,84.8,1485,13.3,80.9,2446,8.4,89.6,2358,14.7,,,,,,,
Lugo, Seth,607625,rp,0.7,2022,62,65,272,58,40,9,0,9,69,18,26,0,62,31,370,219,2,3,1,679,88.5,10.9,30.2,15,8.2,1.6,28,25.3,30.8,6,33,62.6,14.6,22.1,48.3,51.7,57,9.1,85.4,50,43.2,23.3,94.4,2243,19.4,88.9,2441,7.6,87.6,1774,18.2,79.8,3253,20.4,94.4,2317,20.1,,,,,,,
De Jong, Chase,608328,rp,1.6,2022,42,71.2,293,52,27,15,0,10,59,30,21,0,76,26,417,192,10,5,2,720,88.4,20.3,29.8,17,8.6,6.1,17.2,37.4,25.8,5.1,39.4,66.5,14.7,26.5,47,51.2,79,8.8,85,53,38.1,25,92.8,2412,18.8,83.6,2428,5.2,86.4,1646,16.6,77.7,2557,15.3,93.4,2416,22.5,,,,,,,
Fried, Max,608331,sp,5.9,2022,30,185.1,733,156,117,25,2,12,170,32,51,0,129,47,917,436,16,4,4,1836,86.2,7.6,29.4,21,4,6.1,23.3,20.5,38.9,5.9,32.1,67.9,15.9,34.1,42.9,56.8,222,6.4,83.8,140,43.9,25.9,94,2137,12.7,87.3,2393,4.7,86.5,1411,13.8,74.3,2747,19.1,93.6,2036,14.8,,,,,,,
Giolito, Lucas,608337,sp,0.5,2022,30,161.2,698,171,107,37,3,24,177,61,88,0,133,83,886,465,23,4,1,1769,88.8,12.6,37.9,34,7.5,6.1,28.1,25.4,28.9,3.9,39,67.5,17.3,29,52.2,47.8,218,7.2,82.5,153,43.4,28.5,92.6,2172,19,84.4,1959,4.4,81,1448,16.2,79.2,2348,14.6,,,,,,,,,,
Irvin, Cole,608344,sp,2.1,2022,30,181,741,174,113,33,3,25,128,36,80,0,118,78,801,422,19,7,2,1779,89.4,15.5,36.1,55,9.6,6.8,22.8,27.7,29.6,3.3,39.5,71.2,16.2,30.4,31.8,68.2,119,8.8,83.4,159,44.3,20.5,90.7,1975,19.1,,,,83,1554,15.4,77.5,2074,10.2,90.3,1943,18.9,87.1,2012,8.6,,,,
Wacha, Michael,608379,sp,3.3,2022,23,127.1,515,111,67,22,4,18,104,31,47,0,89,46,630,295,16,4,0,1279,88.2,12.8,35.4,36,9.6,5.9,21.5,26.9,31.4,3.5,35.4,71.7,15.6,29.3,33.3,66.7,95,7.5,84.4,109,45.4,20.7,93,2122,20.5,,,,84.3,1583,18,74.7,2173,14.3,92.6,2052,20.4,88.8,2052,11.5,,,,
Marquez, German,608566,sp,1.5,2022,31,181.2,779,185,106,44,5,30,150,63,100,2,133,100,879,440,21,4,2,1851,90.5,9.1,35.9,40,7.1,8,24.2,20.3,36.8,3.4,47.2,69.2,13.2,28.7,48.5,51.3,190,8.7,86.2,134,41.1,23,95.6,2138,16.1,87.7,2389,5,87.8,1595,13.2,86.5,2577,3.3,95.1,2111,17.1,,,,,,,
Graveman, Kendall,608665,rp,1,2022,65,65,285,65,50,8,2,5,66,26,23,0,71,28,353,187,7,3,0,661,88.1,6,28.9,8,4.2,3.2,28.4,18.9,41.6,3.7,34.7,65.9,21.3,28.5,39,61,62,6.4,78.7,67,41.1,27.2,96.6,2373,18,88.7,2495,6.6,90.7,1764,15,83.3,2494,9.1,96.5,2228,18.8,,,,,,,
Stratton, Chris,608717,rp,-0.1,2022,60,63.1,279,72,53,14,1,4,60,25,30,0,76,41,352,176,11,2,0,704,89.7,12.8,33.3,11,5.7,4.7,28.6,25.5,31.8,2.6,41.1,67.4,19.6,31.5,38.5,61.5,72,6.9,80.1,67,44.2,26.3,92.8,2631,15.3,86.7,2868,7.4,86.8,2228,12.4,80.8,3188,18.2,92.9,2512,16.3,,,,,,,
Suter, Brent,608718,rp,0.3,2022,54,66.2,272,58,35,13,1,9,53,22,28,0,54,36,374,170,9,3,2,671,85.7,12.9,26.3,11,5.7,2.6,24.7,27.3,32,7.2,30.4,69.7,21,26.9,39.6,59.7,61,7.2,79,73,43.8,26.7,86.4,2147,13.5,,,,77.2,1477,15.1,78.8,2305,6.7,87.4,2085,16.2,,,,,,,
Voth, Austin,608723,sp/rp,1,2022,41,101.2,442,111,76,21,0,14,90,31,49,0,85,44,585,273,7,3,1,1117,88.4,16.6,37.2,27,8.5,6.6,25.6,30.3,25.6,3.2,37.2,69.9,17.8,26,43,57,99,7.7,82.2,109,42.3,24.6,93.5,2357,19.1,83.6,2743,14.9,87.2,1925,17.3,77.5,2974,19.6,,,,89.5,2442,8.3,,,,
Ruiz, Jose,614179,rp,0.3,2022,63,60.2,265,53,31,12,1,9,68,33,31,1,62,38,406,163,4,0,1,663,89.1,12.8,32.3,14,8.5,6.1,23.8,26.8,29.3,5.5,47,68.6,18.1,26.6,51.2,48.2,86,5.1,81.9,60,40.9,29.2,96.9,2354,18.7,,,,89.9,1795,17.5,86.3,2283,6.1,96,2303,17.3,,,,,,,
Quantrill, Cal,615698,sp,1.9,2022,32,186.1,770,178,126,30,1,21,128,47,70,0,137,71,956,455,18,10,4,1876,87.6,13.8,33.3,44,7.5,5.6,22.9,27.2,31.3,5,35.7,67.9,13.3,32.2,28,71.7,142,6.6,86.5,121,42.7,18.5,93.4,2165,18.9,,,,85.3,1532,14.6,82.7,2449,5.4,93.6,2105,19.3,88.5,2238,8,,,,
Kaprielian, James,621076,sp,1.2,2022,26,134,577,121,71,27,7,16,98,59,63,0,104,56,773,344,11,5,3,1410,88.4,16.9,34.2,33,8,8,22.9,29.4,27,4.6,36.4,70.4,15.3,26.3,36.2,63.5,109,7.6,84.3,117,41.5,21.2,94,2006,17.5,85,2286,7.6,85.2,1365,9.2,79.3,2496,11.5,94.4,1925,19.2,,,,,,,
Eflin, Zach,621107,sp/rp,0.9,2022,20,75.2,313,70,44,16,2,8,65,15,34,0,51,35,377,211,5,5,0,781,85.3,10.5,31.6,14,6.1,4.4,17.5,29.4,35.1,7,31.1,64.9,16.2,30.4,35,65,63,5.4,83.3,63,47.2,22.1,93.1,2176,17.7,85.6,2133,8.2,87,1699,16.5,78.3,2381,13.3,92.7,2048,18.7,90,2150,11.7,,,,
Buehler, Walker,621111,sp,0.4,2022,12,65,274,67,46,12,1,8,58,17,29,0,53,29,344,152,5,2,2,672,87.9,7.2,34,13,6.6,6.1,28.4,20.3,31,5.6,41.6,69.9,14.9,32,43.8,56.2,78,6.8,85.1,51,42.4,24.8,95.2,2267,18,83.5,2671,14.5,90.5,1550,14.9,79.2,2662,18,94.9,2167,18,91.5,2411,10.5,,,,
Blackburn, Paul,621112,sp,1.4,2022,21,111.1,467,110,62,31,2,15,89,30,53,0,78,49,635,313,11,5,2,1097,88.2,9,30,24,7,3.8,28.6,21.3,34.7,4.1,40.5,65,15.1,26.5,41.8,57.8,104,6.3,84.5,81,44.9,23.6,91.5,2135,17.4,79.1,2567,17.7,86,1811,15.2,78.8,2605,18.6,91.7,2001,16.3,87.1,2484,8.2,,,,
Berrios, Jose,621244,sp,-0.6,2022,32,172,753,199,135,34,1,29,149,45,100,0,128,86,841,501,14,11,5,1824,90,13.9,36.3,52,9.5,6.4,25.3,25.5,28.6,4.4,43.8,65.8,12.8,31.7,38.4,61.1,167,6.5,86.8,114,43.4,21.2,94,2241,18.1,,,,84.6,1522,15.4,78.2,2245,18.7,93.9,2115,19.7,,,,,,,
Underwood Jr., Duane,621249,rp,-0.5,2022,51,57.1,259,58,45,12,0,1,57,25,28,0,65,32,321,141,4,5,2,635,87.8,7.3,36,6,3.5,5.2,29.1,18,39.5,4.7,36,70.9,18.2,30.6,45.5,53.9,75,6.9,81.8,60,42.2,27.3,95.9,2254,16.7,,,,89.6,1503,16.2,82.7,2403,13.4,95.3,2091,18.2,92.4,2095,7.4,,,,
Minter, A.J.,621345,rp,1.9,2022,75,70,271,49,32,12,0,5,94,15,16,0,54,25,347,170,4,3,3,743,88.3,18,32.1,14,8.8,5,18.2,33.3,28.9,5,34,69.9,25.5,33.6,48.1,51.3,91,6.8,74.2,98,45.4,33,96.6,2425,18.6,,,,87.6,1650,16.7,,,,,,,90.3,2603,7,,,,
Hearn, Taylor,621368,sp/rp,-0.5,2022,31,100,449,107,66,29,1,11,97,43,57,0,86,50,599,287,3,3,2,1146,89.5,15.1,38.6,30,9.8,5.2,29.1,25.8,24.5,5.2,40.2,69,15.2,26.7,40.7,58.9,96,7.8,84.6,95,42.9,22.2,94.8,2321,18.6,84.9,2125,4.2,87.6,1776,14.5,,,,93.8,2204,19.3,88.7,2261,8.9,,,,
Wood, Alex,622072,sp,0.2,2022,26,130.2,555,132,94,20,1,17,131,30,74,0,82,67,717,398,12,12,2,1475,88.6,8.5,33.8,27,7.1,6.3,24.1,20.9,36.9,4.2,39.8,65.8,17.7,30.2,41.2,58.8,138,8.2,81.9,131,43.9,25,,,,84.5,2067,4.9,85.7,1668,14.3,,,,92.4,2041,18.9,,,,,,,
Tate, Dillon,622253,rp,1.3,2022,67,73.2,292,57,35,16,0,6,60,16,25,0,62,17,321,205,10,7,1,730,87.1,0,25.4,11,5.3,5.3,21.5,15.8,44.5,7.7,38.3,63.8,15.2,32,41.1,58.9,67,8.4,84.8,55,44.1,23.2,93,1901,14,80.4,2437,11.9,83.9,1649,17.7,,,,94,1970,18.3,,,,,,,
Castillo, Luis,622491,sp,4.1,2022,25,150.1,615,118,77,28,0,13,167,45,50,1,107,52,831,397,11,8,1,1636,89,10.4,33.8,27,6.9,4.6,25.9,23.4,34.3,4.6,37.6,68.4,20.7,29.9,44.6,55.2,164,8.5,79.2,180,40.5,27.8,97.1,2354,17.9,86.5,2422,2.4,88.4,1937,17.6,,,,96.9,2163,18.9,,,,,,,
Crismatt, Nabil,622503,rp,0.5,2022,50,67.1,280,57,33,19,0,5,65,22,22,2,54,30,321,195,7,2,0,699,87.7,7.8,33,10,5.2,7.3,25.7,20.9,35.6,4.7,36.1,63.6,17,32.7,43.6,55.2,79,6.8,83,55,43.8,26.6,90.5,2154,16.1,84.7,2102,6,82.7,1696,13.6,73.2,2227,19,90,2105,18.2,,,,,,,
Senzatela, Antonio,622608,sp,0.5,2022,19,92.1,413,133,94,28,2,9,54,23,52,0,86,47,536,226,21,3,0,949,89.9,6.7,34.2,15,4.5,6,32.4,15.6,36.3,3.9,41.7,71.2,10.1,23.5,34.8,64,62,6.8,89.5,55,43.1,16.2,94.2,2132,11.7,86.1,2101,5.7,87,2083,11.7,78.2,2206,8.8,92.8,2097,16.7,,,,,,,
Severino, Luis,622663,sp,1.6,2022,19,102,405,72,42,16,0,14,112,30,36,0,65,30,541,259,7,4,4,1065,89.4,11,33.6,18,6.9,5.4,21.2,27,33.2,5,41.6,70.7,20.4,27,47.4,52.1,102,7.3,79.2,119,43.6,27.8,96.3,2257,19.1,85.2,2678,11.1,88.8,1558,17,,,,96,2211,21,90.4,2421,7.8,,,,
Hernandez, Elieser,622694,sp/rp,-1.1,2022,20,62.1,278,67,28,18,2,19,60,22,44,0,41,49,350,176,1,4,3,719,89.4,24.1,33.3,25,13,5.7,20.8,39.6,16.1,4.7,35.9,71,20,23.8,42.4,55.9,50,9.4,80,85,42.4,24.9,91.6,2094,19,80.1,2103,15.2,84.6,1922,19,,,,92,2077,19.6,,,,,,,
Flexen, Chris,623167,sp/rp,1.2,2022,33,137.2,590,132,85,27,3,17,95,51,57,0,115,52,775,285,8,2,0,1361,89.1,18.4,35.7,40,9,5.7,23.8,32.6,23.5,5.4,40,74.1,14.1,28.4,37.9,61.6,131,6.5,85.8,103,42.9,21.7,91.7,2132,19.2,80.9,2539,9.5,81.1,1309,15.5,74.6,2651,17.4,,,,87.4,2355,10,,,,
Herget, Jimmy,623474,rp,2.3,2022,49,69,266,48,28,15,1,4,63,15,19,0,56,27,330,194,6,3,0,661,88.1,15,31.4,12,6.5,5.9,23.2,27.6,30.3,5.4,36.2,63.9,15.3,29.7,46.9,52.4,69,9.4,84.7,49,39.1,25.3,92.1,2236,17.5,83.2,2608,6.2,84.3,1514,9.7,74.8,2732,17.5,90.4,2250,18.3,,,,,,,
Suarez, Ranger,624133,sp,2.5,2022,29,155.1,662,149,93,39,2,15,129,58,63,2,124,59,905,429,17,2,2,1596,87.5,5.1,27.9,32,6.8,3.6,22.4,18.6,42.5,5.1,34.9,66.2,14.4,27.4,36.1,63.1,135,5.9,85.4,114,43.8,21.3,93.2,1894,13.3,82.5,2113,7.4,84.9,1518,16.1,76.5,2229,13.3,92.5,1907,17.4,89.7,2010,8.1,,,,
Thompson, Keegan,624522,sp/rp,1.2,2022,29,115,485,103,64,20,3,16,108,43,48,0,95,52,646,317,18,9,3,1184,89,13.2,36.6,28,8.6,5.2,23.1,28.6,29.8,3.4,39.1,66.4,17.5,27.2,40.3,59.7,106,7.5,81.8,106,42.6,24.5,93.5,2370,18,83.9,2735,13.1,86.1,2097,18.3,81.3,2576,16,92.8,2330,18.2,89.8,2552,10,,,,
Lopez, Reynaldo,625643,rp,1.5,2022,61,65.1,254,51,34,13,3,1,63,11,20,0,56,24,309,152,4,1,1,648,89.4,15.3,36,9,5.1,6.7,25.3,29.8,28.1,5.1,39.3,69,20.7,32.9,45.5,54.5,76,7.4,78.7,68,41.1,29,97.1,2249,18.6,87.4,2263,8.5,85.9,1590,15.5,80.4,2513,12.6,,,,,,,,,,
Urias, Julio,628711,sp,4.9,2022,31,175,689,127,81,20,3,23,166,41,42,1,116,47,778,449,16,5,4,1807,86.7,17.2,29.6,32,6.7,4.2,21.4,34.4,27.7,4.8,30.4,69,17.3,32.2,39.2,60.3,155,8,81.8,167,43.5,23.7,93.1,2521,17,,,,86.2,1950,15.6,80.3,2845,17.5,,,,,,,,,,
Crowe, Wil,640444,rp,0.1,2022,60,76,332,68,50,9,1,8,68,38,37,0,74,37,480,208,11,3,0,834,87.6,10,30.5,11,4.9,3.1,27.4,23.8,37.7,3.1,32.7,66,17.4,29.8,44.3,55.3,104,5.5,82.4,68,42.2,27.5,95.1,2478,17,87.6,2779,6.6,85.9,1740,11.4,81.6,2463,16.3,94.4,2269,17.9,,,,,,,
Finnegan, Kyle,640448,rp,1,2022,66,66.2,268,54,34,10,1,9,70,22,26,1,51,34,349,170,8,0,0,689,90.2,8.3,30.7,14,8,5.1,19.9,21.6,41.5,4,43.8,69,23.6,26.4,40.3,59.7,52,8.9,76.4,92,44.3,27.7,,,,89,2145,8.4,,,,,,,97,2069,19.4,,,,88.6,1095,10.3,
Manaea, Sean,640455,sp,-0.9,2022,30,158,671,155,95,26,5,29,156,50,87,0,106,83,788,382,11,3,0,1657,90.3,16.3,32.7,42,9.1,5.8,23.4,29,29,3.2,42.9,72.4,20.5,27.2,40.8,58.6,128,8.3,79.3,197,44.1,25.5,,,,81.5,2029,6,84.9,1439,15.1,77.2,2015,13,91.2,2005,18.3,,,,,,,
Puk, A.J.,640462,rp,1.1,2022,62,66.1,281,53,34,11,1,7,76,23,23,1,63,26,346,192,5,10,0,702,86.9,11.4,29.2,15,8.8,3.5,28.7,21.6,27.5,8.8,35.1,66.1,20.3,27.4,51.8,47.5,73,7.6,79.4,75,41.1,29,96.7,2285,17.6,86.9,2230,4,89,1336,16.6,,,,96.1,2164,18.8,,,,,,,
Lopez, Pablo,641154,sp,3,2022,32,180,736,157,91,39,6,21,174,53,75,0,118,67,946,448,19,8,2,1891,87.9,11,33.7,45,9,4,24.6,23.2,34.3,4.8,35.1,69.5,20.8,31.4,43,56.4,205,6.3,78.8,201,44.3,28.1,93.5,2197,14.2,,,,87.5,1965,17.8,80.9,2495,14.9,93.4,1999,16.2,88.7,2226,6.7,,,,
Alexander, Tyler,641302,sp/rp,-0.4,2022,27,101,427,108,68,20,2,18,61,25,54,0,80,61,506,251,10,1,3,1057,88.9,16.9,37.6,38,11.2,6.5,25.6,26.2,24.4,5.9,37.9,70.8,13.6,29.7,25.4,74.1,59,6.9,86.1,78,45.8,17,90.1,2275,19.6,77.7,2339,13.6,82.8,1524,16.3,,,,90.1,2129,19.6,85.5,2349,10.3,,,,
Baker, Bryan,641329,rp,1.2,2022,66,69.2,291,60,47,8,2,3,76,26,27,0,59,27,420,206,6,3,0,737,89.8,13.3,31.7,9,4.8,5.4,30.1,25.8,30.1,3.8,41.4,66.7,24,24,36.1,63.2,52,7.5,76,93,43.4,27.3,96.2,2335,18.2,87.3,2411,8.3,84,1913,18.2,,,,,,,,,,,,,
Cortes Jr., Nestor,641482,sp,4.2,2022,28,158.1,615,108,69,23,0,16,163,38,43,0,94,39,774,425,6,2,2,1670,87.9,19.2,34.2,22,5.3,6.8,24,36.7,23.8,3.4,34.7,69.1,20.1,30.9,34.6,65.1,128,6.5,79.7,176,47.1,24.4,91.8,2270,20.3,,,,82.9,1330,14.5,72.1,2437,14.5,90.8,2273,19.1,86.9,2370,10.1,,,,
Dunning, Dane,641540,sp,1,2022,29,153.1,671,158,97,39,2,20,137,62,76,0,134,69,873,454,16,11,5,1585,87.9,5.4,30,41,8.9,5.7,22.6,17.4,39.1,6.3,38,62.4,15.1,30.5,39.1,59.7,171,6,84.1,105,42,24.4,86.9,2051,11.4,78.7,2081,9.1,84,1860,17.9,,,,89.5,2004,16.7,87.1,2158,9.6,,,,
Hudson, Dakota,641712,sp,0.1,2022,27,139.2,596,141,107,24,1,9,78,61,69,0,116,60,841,357,30,9,4,1349,89,6.3,31.7,27,6,5.6,24.8,19,40.8,3.8,40.4,66.5,10,23.2,38,61.6,103,6.3,89.7,72,42.3,17.6,91.4,2162,9.9,87.8,2369,5.5,86.5,1458,14.8,80.5,2421,9.1,91.9,2058,14,,,,,,,
Keller, Brad,641745,sp/rp,0.2,2022,35,139.2,617,153,108,24,4,17,102,57,79,0,105,78,777,309,16,2,2,1419,89.3,6.7,28.7,30,6.6,5,23.7,19.7,41.2,3.5,41.4,70.3,11.5,28.2,45.4,53.7,149,7.2,88,90,42.3,21.5,94.5,2409,13.5,86.9,2544,6.6,90,1558,13.8,,,,93.4,2186,13.1,,,,,,,
Kuhl, Chad,641771,sp,-0.1,2022,27,137,617,155,93,31,6,25,110,58,87,0,95,85,855,380,9,5,5,1461,90.5,15.8,36,43,9.7,7,25.2,27.5,26.4,4.3,44.6,67.9,15.3,25.1,43.9,55.8,137,7.3,84.4,118,40.5,23.6,92.9,2218,16.5,86.5,2541,4.5,87.9,1701,15.6,79.5,2866,16.7,92.8,2129,17.7,,,,,,,
Lauer, Eric,641778,sp,1.5,2022,29,158.2,661,135,84,21,3,27,157,59,65,2,117,69,910,470,11,2,3,1718,88.8,17.7,35.8,35,8,5.5,27.1,30.8,23.9,4.6,38,65.5,19.6,26.9,35.8,64.2,126,8.7,80,176,43.5,24.2,93.3,2290,19.6,86.7,2285,6.7,87.2,1745,17.5,78.2,2399,10.6,,,,89.8,2269,11.2,,,,
Mahle, Tyler,641816,sp,2.2,2022,23,120.2,503,104,64,21,3,16,126,43,59,1,78,52,741,366,5,2,4,1318,88.7,17.9,31.9,25,7.5,8.1,21.4,31.6,27.4,3.9,38.3,64.8,20.4,27.7,40.3,59,123,5.6,79.4,132,47.4,26.8,93.2,2294,20.8,83.9,2496,5.9,,,,,,,,,,85.5,2397,10.6,85.4,1900,17.7,
Pagan, Emilio,641941,rp,-0.4,2022,59,63,274,60,33,14,1,12,84,26,31,0,59,34,360,158,3,1,1,740,89.6,12.7,35,16,9.8,6.7,22.7,23.3,33.1,4.3,44.8,72,27.2,32.6,38.1,61.9,72,6.8,72.8,107,47.2,30.8,95.6,2517,19.2,84.6,2477,13.8,,,,80.2,2632,16.1,,,,85.8,2363,5.6,88.4,1531,15,
Trivino, Lou,642152,rp,-0.2,2022,64,53.2,250,64,46,11,1,6,67,24,27,0,81,35,335,147,2,4,1,601,88.7,6.8,32.9,11,7.1,3.9,27.7,18.7,36.8,5.8,47.1,68.3,16.3,30.4,49.1,50.3,78,7.9,83.7,48,37.4,27.8,95.6,1992,16.9,81.9,2558,17,87.4,1690,16.3,76.8,2180,14.6,95.8,2024,18.8,92.3,2277,7.8,,,,
Yarbrough, Ryan,642232,sp/rp,0,2022,20,80,355,88,57,19,0,12,61,22,40,0,60,35,430,217,8,11,3,898,85.1,17.2,32.6,19,7.3,4.6,22.6,28,28.4,7.7,31,68.3,18.7,31.6,30,69.5,63,8.1,80.7,88,42.1,22.2,,,,,,,78.6,1920,17.7,71.3,2168,16.7,86.7,1820,18.4,82.3,2084,7,,,,
Soto, Gregory,642397,rp,-0.1,2022,64,60.1,263,49,34,12,1,2,60,34,22,0,57,27,382,164,9,7,0,682,91.4,7.7,34,10,6.2,6.8,19.8,27.2,37,3.1,43.2,68.3,19.2,26.4,41.9,57.4,62,8.2,80.3,71,41.5,25.7,98.7,2370,17.7,89.3,2385,6.9,91.8,2154,18.9,,,,98.1,2371,19.5,,,,,,,
Barria, Jaime,642545,rp,2,2022,35,79.1,316,63,37,12,3,11,54,19,23,0,63,35,352,175,10,3,0,750,88.3,16.3,30.8,24,10,3.3,22.1,28.7,30,5.4,35.8,71.5,18.8,29.6,34.2,65.2,55,9.1,80.9,78,42.7,23.1,92,2272,17.7,85.3,2191,7.4,85,1611,17.3,,,,91.7,2148,19.3,,,,,,,
Peralta, Freddy,642547,sp,1,2022,18,78,317,54,36,10,2,6,86,27,31,0,47,29,491,236,1,3,3,831,87.1,16.9,31.3,7,3.5,6.5,20.4,32.8,30.3,6,31.3,63.3,23.5,27.8,41.7,58.3,85,6.6,76.2,92,42.3,29.7,92.6,2352,18.5,80.3,2126,9.9,85.9,1694,15.3,75.8,2066,7.1,,,,,,,,,,
Bautista, Felix,642585,rp,2.6,2022,65,65.2,253,38,24,7,0,7,88,23,16,0,72,21,324,151,6,1,2,651,86.8,14.7,32.6,12,8.5,3.5,22.7,26.2,35.5,3.5,36.9,70.3,25.6,30,52.7,47.3,78,6.6,74.4,90,43.7,33.6,99.2,2341,21.1,85.2,2458,5.9,,,,,,,,,,,,,88.4,1110,10.7,
Santana, Dennis,642701,rp,-0.8,2022,63,58.2,255,50,35,13,0,2,54,28,34,0,70,36,348,172,7,4,0,610,86.6,9.7,35.5,8,4.7,2.4,29,23.1,36.1,4.7,33.1,61.9,15.1,31.4,45,55,81,6.3,84.9,39,40.4,27.4,97.7,2510,19.8,85.8,2675,3.5,89.9,2069,19.2,,,,96.7,2422,19.8,,,,,,,
Acevedo, Domingo,642758,rp,1.2,2022,70,67.2,266,50,29,11,1,9,58,17,25,1,56,31,315,121,9,3,0,672,86.7,14,31.4,14,7.4,6.4,22.9,28.7,28.2,6.4,33,77.3,24.4,31.2,49,51,75,8.7,74.9,97,44.9,31.2,93,2118,19.2,86.5,2123,10.3,86.8,1867,18.6,,,,92.2,2142,22.1,,,,,,,
Cimber, Adam,643256,rp,0.9,2022,77,70.2,293,66,48,10,2,6,58,13,22,0,59,33,318,186,6,8,0,717,89.1,12.1,34.6,11,5.1,5.6,24.3,25.7,31.8,7.5,38.8,69,17.3,29,30.7,69.3,42,8.5,82.5,68,40.5,20.7,86.5,2172,12.3,77.8,2473,11.6,,,,,,,86.5,2140,15.1,,,,,,,
Jax, Griffin,643377,rp,0.9,2022,65,72.1,290,56,40,7,2,7,78,20,27,0,57,35,339,217,7,3,0,782,88.1,10.6,33.9,13,6.9,6.3,20.1,23.3,39.2,3.7,37,64.2,18,33.4,51.8,47.7,100,6.9,81.2,67,42.8,29.6,95.4,2391,18.8,86.4,2844,12,89.8,1580,15.5,82.6,2736,11.7,,,,,,,,,,
Leiter Jr., Mark,643410,rp,0.8,2022,35,67.2,282,52,33,7,2,10,73,25,30,0,57,32,361,198,7,7,2,678,87.2,10.4,30.5,11,6.2,6.8,25.4,19.8,35.6,6.2,34.5,61.3,16.7,30.7,48.4,50.5,90,6.8,82,49,39,29,91.1,1948,17.4,79.4,2211,13.9,84.2,818,8.6,73.2,2264,18.5,90.9,1913,17.9,87.3,2127,7.1,,,,
Rogers, Tyler,643511,rp,0.9,2022,68,75.2,319,73,50,17,3,3,49,23,30,1,62,37,388,244,12,5,0,766,84.2,1.4,27.8,9,3.7,3.3,22.4,20.3,41.1,8.3,32.8,62.3,14,24,35.2,64.1,45,8.7,85.3,55,44.1,19.2,83.2,1935,13.4,72.1,2300,20.1,,,,,,,83.5,1877,10.1,,,,,,,
Alcantara, Sandy,645261,sp,8,2022,32,228.2,886,174,120,32,6,16,207,50,58,0,156,64,956,498,26,9,4,2231,87.8,5.5,28.4,33,5.3,5.2,20.6,21.1,41,6.1,38.5,70.5,18.3,34.7,41.2,58.1,222,7.2,80.8,218,46.3,25.4,98,2200,18.4,90,2355,4.2,91.8,2056,17.3,86.2,2350,3.8,97.8,2293,19.3,,,,,,,
Civale, Aaron,650644,sp,-0.8,2022,20,97,407,93,56,23,0,14,98,22,53,0,57,46,525,274,6,7,1,1018,88.6,13.5,35,21,7.5,7.5,23.9,26.1,30.7,3.9,40.4,65.8,13.9,30.7,43.3,55.9,114,6,85.9,67,43.5,24.3,90.7,2354,17.3,80.4,2810,14.9,,,,75.9,2971,21.3,91.3,2312,17,86.3,2612,8.3,85.5,1843,14.5,
Beeks, Jalen,656222,sp/rp,1.1,2022,42,61,250,49,28,13,1,7,70,22,19,0,53,21,328,149,5,2,0,634,86.7,9.6,31.4,13,8.3,5.8,25,19.9,36.5,4.5,37.2,68.8,24.6,31.6,43,56.4,74,7.2,75.1,77,42.1,31.1,95,2122,18.7,82.1,2258,4.4,90.3,1933,18.8,,,,,,,87.5,2255,7.7,,,,
Burke, Brock,656271,rp,2.1,2022,52,82.1,328,63,39,14,1,9,90,24,18,1,57,24,462,228,8,2,2,854,88.6,13.2,35.4,15,7.1,10.4,22.2,24.1,30.7,5.2,39.2,67.5,20.3,27.5,34.8,64.2,65,6.4,78.1,89,41,24.6,95,2280,19.5,87.2,2158,6.5,88.1,1991,19.1,,,,93.5,2048,20.9,,,,,,,
Cease, Dylan,656302,sp,6.4,2022,32,184,747,126,83,25,2,16,227,78,45,1,140,46,1071,464,9,3,5,1941,86.8,15,31.4,27,6.2,5.9,22.1,33.3,26.9,5,31.2,68,23.5,31.3,49.6,50.4,273,6.7,76.2,218,41.2,33.2,96.8,2507,19.3,87.4,2833,5,77.9,1720,17.5,81.1,2697,17.7,96.5,2492,20.4,,,,,,,
Davis, Austin,656354,rp,-0.5,2022,52,56,264,57,41,9,2,5,64,33,36,0,51,40,396,182,2,5,0,693,86.5,16.9,37,12,7.4,3.1,28.4,30.2,24.1,6.8,30.9,66.4,19.6,26.6,42.2,57.8,65,8.3,80.4,70,42.5,26.4,94.1,2254,18.6,80.5,2375,15.3,86.3,1896,17.8,77.7,2514,35,93.6,2114,18,,,,,,,
Keller, Mitch,656605,sp,2,2022,31,159,687,162,118,28,2,14,138,60,69,1,138,68,902,456,24,12,3,1670,87.9,7.8,33.3,34,7.1,4.4,24.3,19.5,36.9,7.1,37.3,65.2,14.6,26,38.4,61,133,7,85.3,127,43.1,21.4,95.5,2422,16.7,87,2451,5.9,91.2,1632,15.8,78.7,2576,19,94.4,2369,18.6,,,,,,,
Kopech, Michael,656629,sp,2.2,2022,25,119.1,494,85,52,17,1,15,105,57,47,2,87,44,716,347,9,3,4,1248,89.9,18.3,28.9,29,8.8,6.4,20.4,35.3,24.9,3.6,41.6,65,17.5,25.7,40.4,59.6,107,7.6,82.4,111,39.3,24.2,94.9,2529,21.2,84.3,2389,5.9,85.2,1630,17,78.4,2399,11.1,,,,,,,,,,
Lange, Alex,656638,rp,0.4,2022,71,63.1,271,47,34,6,2,5,82,31,24,0,61,33,359,160,5,5,1,623,86.1,4.9,26.1,8,5.2,4.6,22.2,20.3,37.3,7.8,35.9,59.2,21.1,35.3,67.1,32.5,155,5.8,78.4,49,37.4,44.1,95.7,2247,17.5,,,,89.7,1699,16.9,85.5,2186,5.9,96.2,2221,18.5,,,,,,,
Logue, Zach,656657,sp/rp,-1.1,2022,14,57,257,68,34,18,3,13,42,20,43,0,37,43,369,144,3,2,1,636,89.5,19.4,35.8,24,12.4,8.8,21.2,30.6,21.8,5.2,42.5,71.9,14.6,26.5,38.7,61.3,55,7.8,85.4,51,44,21.5,90.1,2011,17.2,,,,82,1873,15.3,77.5,2425,11.4,,,,85.9,2237,8.8,,,,
Montgomery, Jordan,656756,sp,1.6,2022,32,178.1,724,159,102,34,2,21,158,36,69,0,117,68,855,427,14,8,3,1802,88.5,9.8,34.1,37,7.1,4.2,26.1,22,37.5,3.1,37.5,69,20.5,33.2,41,58.5,190,6.6,79.2,187,42.7,27.4,93,2305,17.4,,,,82.3,1677,16.3,80.2,2263,6.2,93,2211,19.7,88.3,2387,9.8,,,,
Nelson, Nick,656793,rp,0.2,2022,47,68.2,306,66,46,17,2,1,69,36,37,0,73,36,423,163,4,4,2,727,87.6,15.1,33,7,3.6,6.6,25.4,29.9,31,3.6,32.5,70.6,21.4,25.1,46.8,51.9,74,6.5,78.3,87,41.4,28.5,96.3,1969,17.8,89.9,2265,5.4,87.9,1916,17.9,81.9,2231,11.2,,,,,,,,,,
Peterson, David,656849,sp/rp,0.9,2022,28,105.2,454,93,60,21,1,11,126,48,45,0,80,46,697,282,12,7,0,1125,89.7,8.1,33.7,21,7.7,3.7,28.2,19,37.4,4,41.4,66,19.2,27.7,51,48.3,149,5.7,80.4,106,41.1,30.2,93.7,2083,16.6,84.4,2325,5.2,85.8,1633,17.4,78.5,2304,11.1,93.2,2093,19.4,,,,,,,
Rasmussen, Drew,656876,sp,2.9,2022,28,146,584,121,82,23,3,13,125,31,46,0,96,40,692,310,11,3,4,1494,88.9,10.1,31.2,28,6.6,6.1,26,23.2,34,3.3,39.2,72.3,17,34,42.2,57.5,163,6.9,82.8,136,43.9,25.3,95.5,2396,17,84.6,2470,13.1,,,,79.6,2692,16.4,94.8,2404,20.4,90.3,2612,5.3,,,,
Scott, Tanner,656945,rp,0,2022,67,62.2,289,55,41,7,2,5,90,46,30,0,59,31,431,202,4,4,1,785,86.1,7.6,40.9,8,5.4,5.4,31.5,16.1,32.9,8.7,32.9,65.5,25.4,29.1,55.2,44.8,111,6,74.6,97,39.7,35.7,96.9,2560,17.5,89.2,2735,5.7,,,,,,,,,,,,,,,,
Smeltzer, Devin,656970,sp,0.9,2022,15,70.1,287,67,42,11,1,13,40,19,29,0,46,28,380,202,9,1,2,731,88.8,16.2,32.6,16,7,10.6,15.9,30.4,30.4,5.3,39.2,62.8,15.2,30.9,25.3,74.7,44,7.6,84.5,54,42.1,18.5,89.5,2278,19.7,77.1,2539,16,82.2,1599,14,75.2,2554,15.7,88.6,2155,18.3,84.8,2160,9.3,,,,
Steele, Justin,657006,sp,2,2022,24,119,512,111,85,17,1,8,126,50,42,1,104,46,699,323,15,3,2,1284,87.1,7.5,31,13,3.9,4.8,28.6,20.8,36.1,4.8,33.7,66.9,16.7,26.3,44,55.2,114,7.6,83.3,117,41.8,24,92.2,2489,12.9,82.1,2690,14.6,87.5,1695,16.3,78.1,2513,14.4,91.6,2409,15.5,,,,,,,
Watkins, Spenser,657093,sp,0.1,2022,23,105.1,459,119,82,25,1,11,63,30,55,1,78,52,538,282,4,4,3,1064,90,11.6,37.6,26,7.2,3.9,29.3,26.8,30.1,2.8,37.6,67.2,13.1,26,38.4,61.6,78,7.1,86.4,76,44.2,19.7,91.4,2259,16.8,78.4,2589,14.6,86,1649,15,76.8,2570,15.3,90.9,2104,19.7,87.1,2455,9.8,,,,
Wright, Kyle,657140,sp,3.6,2022,30,180.1,738,156,115,21,1,19,174,53,64,0,139,56,865,480,27,9,2,1797,89,4.4,31.1,34,6.8,5.8,25.7,16.2,40.3,4.2,41.1,66,18.2,29.7,46.4,52.8,176,8.2,81.6,171,42.1,26.3,95.1,2385,17,90.1,2394,8.2,88.1,1699,16.1,84.7,2723,12.7,94.4,2260,17.5,,,,,,,
Otto Jr., Glenn,657248,sp,0.6,2022,27,135.2,587,119,79,17,2,21,107,62,70,0,113,68,792,352,14,13,2,1359,89,13.2,34.2,36,8.9,5.4,21,26.5,33.9,3.7,38.1,66.7,12.7,26.4,46,53.3,145,7.9,86.6,88,39.2,23.1,92.1,2265,16,81.1,2590,16.8,88.2,1719,17,81.2,2461,12.7,92.2,2234,17.2,,,,,,,
Webb, Logan,657277,sp,4.8,2022,32,192.1,787,174,122,38,3,11,163,49,62,0,145,62,978,564,23,7,5,1985,88.9,3.1,29.3,31,5.5,4.6,25,16.2,43,4.9,39,63.9,14.5,30.9,43.4,55.6,203,6.2,85.2,138,44.4,24,92.4,2069,13.5,82.5,2628,10.5,86.4,1493,9.3,,,,91.8,1881,15.2,,,,,,,
Ryan, Joe,657746,sp,2.2,2022,27,147,604,115,65,28,2,20,151,47,58,0,103,58,754,379,10,10,3,1598,88.2,24.2,36.1,34,8.6,8.1,22,37.4,18.2,5.8,35.4,71.6,20,28,41.5,58.2,131,7.7,79.5,181,44.7,25.6,92,2194,18.4,82.2,2136,5.1,84.6,2087,20,74.9,2371,13.3,,,,,,,,,,
Ohtani, Shohei,660271,sp,6.2,2022,28,166,660,124,85,23,2,14,219,44,43,0,120,41,856,437,11,2,1,1724,87.1,14.5,32,25,6.3,5.1,25.6,27.4,31.2,4.1,33.2,68.2,22.6,28.6,59.5,40.5,217,9.4,76.9,208,40.2,33,97.3,2217,15,85.5,2493,8.8,,,,77.7,2484,17.6,97.2,1973,17.7,90.6,2390,7.3,89.3,1267,6.8,
Suarez, Jose,660761,sp,1.6,2022,22,109,462,103,64,24,1,14,103,33,48,0,70,45,562,273,4,4,2,1184,88.7,12,36,27,8.4,5.9,22.7,26.7,33.2,3.1,38.2,68.5,17,33,40.6,58.7,117,7.9,83,106,43.8,24.5,92.7,2214,18.4,81.7,2584,10.7,82.4,1553,14.4,78,2688,12.7,91.7,2029,18.3,,,,,,,
Martinez, Adrian,661309,sp,-0.8,2022,12,57.2,259,69,47,8,1,13,53,19,40,1,44,35,349,164,6,3,2,647,89.1,14,35.3,19,10.3,4.9,27.7,26.1,27.7,3.3,37.5,67.5,18.1,28.3,37.7,61.6,55,7,81.9,61,42.7,24,,,,82,1936,4.1,84,2289,14.9,,,,93.8,2157,19.4,,,,,,,
Duran, Jhoan,661395,rp,2.8,2022,57,67.2,266,50,39,4,1,6,89,16,14,0,65,16,278,147,8,4,2,709,88.2,-1.1,25.5,7,4.5,5.7,22.3,12.7,49.7,5.1,35,71.6,23.2,37.8,57.1,42.9,109,9.7,76.3,86,40.9,34.7,100.8,2171,18.4,89.7,2320,4.3,,,,87.8,2660,7.8,,,,,,,96.4,1658,13.5,
Clase, Emmanuel,661403,rp,2.8,2022,77,72.2,271,43,34,6,0,3,77,10,11,0,46,18,217,127,9,1,0,691,86.3,0.3,29.5,4,2.2,6,18.6,12.6,54.1,4.9,32.2,74.4,20.8,46.2,47.5,52.5,94,7.2,78.7,76,46.6,30.1,99.9,2565,14.1,91.9,2653,7.9,,,,,,,,,,99.5,2653,11.7,,,,
Feltner, Ryan,663372,sp,0,2022,20,97.1,428,102,64,18,4,16,84,35,63,0,68,60,594,280,7,5,1,1053,89.7,13.3,35.3,25,8.3,7.3,22.8,27.1,30.7,4,42.6,68.2,14.1,24,39.5,60,79,7.6,85.3,81,42.6,20.7,94.5,2346,15,84.4,2482,7,83.8,1593,8.3,77.9,2547,12.8,93.5,2305,13.3,,,,,,,
Martin, Davis,663436,sp/rp,0.1,2022,14,63.1,269,63,39,15,1,8,48,19,34,0,43,32,331,153,5,3,0,691,89.1,17.1,34.3,14,7.1,8.6,25.8,29.3,25.8,3,38.1,71,15.2,32.2,44,56,74,9,84.6,56,42.1,24.2,94,2356,17.6,84.3,2697,7.6,85.9,2192,17.6,79.7,2627,14.1,,,,,,,,,,
Pilkington, Konnor,663455,sp,-0.1,2022,15,58,258,53,38,8,1,6,50,32,25,0,49,23,388,130,4,2,3,622,89.2,13.2,35.1,21,12.1,5.7,21.8,27,27,6.3,44.8,73,22.8,25.3,40.4,59.6,57,5.2,76.6,80,41.5,27.8,92.1,2220,18.9,81.9,2234,3.6,84.4,1742,16.7,77,2177,12.8,93.3,2222,25.2,,,,,,,
Bubic, Kris,663460,sp,-0.3,2022,28,129,587,156,107,30,1,18,110,63,80,1,108,75,782,361,19,4,2,1424,90,10.7,41,32,7.8,7.1,30.5,21.7,27.6,5.1,44.9,69.1,16,23.9,37.1,62.5,98,8.8,83.6,128,43.7,21.3,91.9,2134,18.3,,,,80.7,1690,17,79.4,2609,15.1,,,,,,,,,,
McKenzie, Triston,663474,sp,3.9,2022,31,191.1,741,138,82,29,2,25,190,44,63,0,104,65,857,411,15,5,5,1889,90.2,19.7,37.3,49,9.8,7.8,20.7,35.1,23.1,3.6,40.6,71.9,17.8,32,48.1,51.4,208,8.5,81.9,186,41.4,26.7,92.5,2313,20.8,87.3,2196,11.6,,,,79.4,2198,11.5,,,,,,,,,,
McClanahan, Shane,663556,sp,4,2022,28,166.1,641,116,81,16,0,19,194,38,47,0,99,44,768,425,16,3,1,1645,87.6,8.3,31.6,26,6.4,6.2,24,20.2,39.8,3.2,32.6,66.3,25.6,32.4,52.3,47.2,207,7.2,74.4,211,43.8,34.3,96.7,2233,20.8,89.3,2350,6.1,87.7,1732,19.4,82,2628,13.8,,,,,,,,,,
Falter, Bailey,663559,sp/rp,1.3,2022,20,84,349,85,50,17,2,16,74,17,36,0,58,38,376,249,8,6,4,879,89,17.6,37.7,21,8.3,9.5,25.4,29,21.8,5.2,38.5,66.4,15.4,28.2,46.5,53.5,79,6.4,84.3,71,45.2,23.8,91.4,2056,19.2,83.5,1967,6.3,83.1,1567,17.2,76.6,2125,10.3,91,1783,19,,,,,,,
Lynch, Daniel,663738,sp,0.6,2022,27,131.2,600,155,109,24,1,21,122,52,75,2,117,75,830,325,12,5,2,1540,91.2,12.8,33.7,37,8.8,6.2,27.3,24,29.7,3.8,47.7,72.4,17.9,28.3,43.9,55.8,154,8.4,81.9,155,41.5,25.4,94,2125,17.2,85.9,2020,3.6,84.8,1670,17,81.1,2106,6.2,93.4,2053,18.6,,,,,,,
Sandoval, Patrick,663776,sp,3.5,2022,27,148.2,638,139,109,19,3,8,151,60,48,0,137,51,812,389,15,5,2,1574,87.3,11.4,31.6,24,5.7,3.3,28.3,22.3,35.4,4,34,65.9,20.5,31.8,46.9,52.8,190,7.2,79,160,44.2,29.5,93.1,2037,17.2,86.3,2550,7.5,83.7,1608,16.8,78.6,2781,14.4,93.4,1924,18.6,,,,,,,
Hicks, Jordan,663855,sp/rp,-0.4,2022,35,61.1,263,46,32,8,1,5,63,35,33,0,58,24,400,185,9,7,1,626,86.9,1.4,28.5,11,7,1.3,24.1,15.8,46.8,3.8,32.3,61.6,16.2,23.5,43.3,56.7,55,7.4,83.8,51,41.6,24,100.1,2178,13.6,84.7,2486,12.3,92.1,1758,18.1,,,,99.4,2039,17.9,,,,,,,
Singer, Brady,663903,sp,4.5,2022,27,153.1,621,140,102,19,1,18,150,35,55,1,109,51,767,500,19,11,5,1553,89.3,8.6,33.2,35,8.2,4,27.8,19.1,36,4,40.9,60.4,14.4,26.4,44.6,55.4,132,8.4,85.2,109,43.1,22.9,92.6,2327,14,85.5,2341,4.3,86.9,2229,18.9,,,,93.8,2297,18.3,,,,,,,
Stephan, Trevor,663986,rp,1,2022,66,63.2,267,57,41,13,0,3,82,18,19,0,57,22,321,157,4,4,0,676,87.5,10.2,27,5,3.1,5.5,23.9,24.5,38,4.9,34.4,68.8,25.5,33.6,53.3,45.6,97,6,74.2,86,40.9,35.3,96.5,2477,18.3,85.9,2590,10.6,,,,,,,,,,,,,87.9,1272,13.1,
Gonsolin, Tony,664062,sp,4.6,2022,24,130.1,498,79,46,19,3,11,119,35,31,0,80,31,611,331,12,4,2,1333,89,13.8,33.8,19,5.6,5,24.4,30.6,30,3.8,35,69.7,17.7,30.1,48,51.3,147,8.5,81.6,123,42.5,26.9,93.1,2326,19.5,87.5,2486,6.3,,,,80.7,2570,12.6,,,,,,,83.5,1411,12.9,
Brubaker, JT,664141,sp,0.2,2022,28,144,646,157,99,39,2,17,147,54,75,2,128,78,763,424,16,9,3,1529,89.6,10.8,36.2,33,7.6,6.4,28.2,22,31.2,3.9,41.3,63.7,14,30.6,52.8,47,201,6.4,85.5,101,42.6,27.3,92.7,2156,18.5,86.7,2653,2.9,87.2,1880,16.7,80,2813,10.9,93.1,2281,19,,,,,,,
Maton III, Phil,664208,rp,-0.3,2022,67,65.2,281,58,37,10,1,10,73,24,28,0,68,29,363,177,9,8,1,706,85.1,14.2,39.2,11,6.3,4,29,27.8,26.1,6.8,29.5,67.8,21.9,31.1,46.3,51.4,82,6.9,77.8,77,43.3,30.1,91,2487,16.3,80.9,2673,18.7,84.2,2243,17.9,74.5,2996,21.8,90.2,2223,17.9,82.4,2656,13.4,,,,
Valdez, Framber,664285,sp,3.7,2022,31,201.1,827,166,129,24,2,11,194,67,63,1,151,62,958,530,26,11,0,1947,89.8,-3.6,24,32,5.8,2.5,23.6,10.5,52.4,4.1,41.6,64.5,14.1,27.9,54.6,45.2,220,9.2,85,143,41.7,25.6,94.1,2192,11.8,,,,88.7,1631,15.7,79.1,2848,20.1,93.9,2203,16.2,83,2673,6.9,,,,
Javier, Cristian,664299,sp,3.7,2022,30,148.2,585,89,53,18,1,17,194,52,42,1,89,43,886,369,7,6,3,1625,88.4,25.4,31.2,24,7.2,6.3,20.7,43.2,17.7,4.8,33.6,70.9,24,28,46.3,53.4,168,8,76,214,43,30.4,93.8,2354,20.5,79.8,2621,15.8,85.3,2220,17.6,76.5,2885,16.4,,,,,,,,,,
Urquidy, Jose,664353,sp,1.2,2022,29,164.1,681,154,91,33,1,29,134,38,72,0,113,72,807,415,9,7,3,1788,89.7,17.2,34.7,47,9.4,7.8,22.1,31.3,27.1,2,40.8,72.2,16.9,30,36.5,63.2,138,7.7,82.7,168,42.9,22.3,93.5,2201,21.3,80.1,2623,14.9,86.1,2006,20.9,78.1,2628,16.9,,,,87.4,2508,8.2,,,,
Diaz, Alexis,664747,rp,3.1,2022,59,63.2,255,28,20,3,0,5,83,33,13,0,70,17,375,152,5,5,0,681,86.7,21,31.3,10,7.5,6.7,15.7,40.3,23.9,5.2,33.1,70.3,26.8,30.6,54.6,45.4,95,6.7,72.6,92,42.8,36.5,95.7,2656,15.9,86.9,2750,6.3,,,,81.4,2864,15.6,,,,,,,,,,
Kremer, Dean,665152,sp,2.8,2022,22,125.1,512,123,85,27,0,11,87,34,45,0,92,39,624,297,18,5,3,1284,88.4,14.7,36.6,28,7.3,8.1,23.1,26.5,30.1,4.7,39.2,69.3,14.9,32.3,37.7,61.4,119,8.6,84.5,100,42.7,22.2,93.5,2233,18.9,,,,83.8,1581,15.6,76.5,2697,18.6,91.7,2141,20.3,88,2478,9.9,,,,
Sanmartin, Reiver,665665,rp,-0.6,2022,45,57,256,66,43,13,2,8,47,29,40,2,58,36,375,166,8,0,0,636,86,4.6,29.4,13,7.2,5.6,18.3,20,41.7,6.7,35.6,64.4,13.3,30.1,47.1,51.2,80,5.6,86.3,40,42.2,25.5,90.9,2217,18.3,82,2433,6.5,85.2,2002,17.1,,,,90.5,2223,18.3,,,,,,,
Cabrera, Edward,665795,sp,2.1,2022,14,71.2,291,44,27,7,0,10,75,33,24,0,56,19,425,210,9,9,1,746,86.7,12.7,32.8,15,8.6,4,21.3,26.4,32.2,7.5,33.3,60.8,21,32.1,44.9,54.6,102,5.1,78.6,65,42.9,31.2,96,2289,18.8,86.8,2423,5.8,92.5,1686,18.1,83.8,2431,11.1,95.8,2259,20.2,,,,,,,
Anderson, Ian,666120,sp,-0.1,2022,22,111.2,493,115,77,25,1,12,97,54,62,0,92,48,693,268,9,1,3,1208,89.2,8.4,32,21,6.2,5.6,26.7,20.5,38.4,2.3,40.5,70.8,18.3,28.4,48,51.7,154,6.4,81.6,113,40,28.4,94,1938,17.9,,,,88.2,1519,14.5,81.7,1874,3.8,,,,,,,,,,
Garrett, Braxton,666129,sp,1.3,2022,17,88,373,86,57,17,3,9,90,24,35,0,69,35,421,274,10,10,3,965,89.4,9,32.9,18,7.2,6.8,24.5,20.9,35.7,4.4,38.6,63.1,11.6,33.4,54.5,45.5,132,7.2,88,52,43.2,26.6,91.4,2315,18.5,84.1,2298,9.8,85.9,1637,17.6,78.7,2298,14.6,90.9,2089,18.1,,,,,,,
Lodolo, Nick,666157,sp,2.8,2022,19,103.1,441,90,59,15,3,13,131,39,42,0,89,41,611,312,11,19,3,1116,88.7,11.9,32.1,23,9.1,5.6,21.4,20.6,34.1,3.6,40.6,61.5,21.1,29.6,50,49.6,126,8.3,78.3,108,42.1,30.2,94.4,2338,19.9,,,,88.3,1962,18.2,81.5,2733,14.1,94.2,2313,19.9,,,,,,,
Manning, Matt,666159,sp,0.8,2022,12,63,263,55,42,7,0,6,48,19,24,0,47,24,332,153,1,1,2,645,89.1,14.8,32.8,12,6.2,7.7,23.1,28.7,29.2,5.1,36.9,68.1,17.1,27.6,37.9,61.3,47,8.2,82.6,63,43.2,22.4,93.2,2055,16.7,83.7,2176,13.7,86.2,1372,14,79.7,2282,14.3,92.8,1931,17.5,,,,,,,
Luzardo, Jesus,666200,sp,2,2022,18,100.1,400,69,39,18,2,10,120,35,37,0,64,32,543,282,8,2,1,1037,89,13.2,34.2,16,6.6,6.6,28.8,25.9,28,3.7,39.1,66.1,22.7,28,50.4,49.2,123,7,76.5,116,44.2,31.7,96.3,2207,20.3,83.7,2325,2.4,87.2,1900,17.8,,,,95.7,2141,21,,,,,,,
Manoah, Alek,666201,sp,5.9,2022,31,196.2,786,144,97,30,1,16,180,51,49,0,141,49,939,481,15,15,5,1942,87.5,16.9,33,29,5.4,5.4,23.4,31.9,29.5,4.3,31.5,68.4,17.5,30.9,41,58.4,188,8.3,82.3,175,41.5,24.8,93.9,2369,17.8,81.5,2216,14.7,86.5,1980,17.7,,,,93.3,2194,18.2,,,,,,,
Doval, Camilo,666808,rp,1.9,2022,68,67.2,286,54,38,11,1,4,80,30,19,0,69,30,386,177,3,3,1,704,85.9,-0.8,30.6,8,4.6,7.5,20.8,13.9,47.4,5.2,36.4,67.1,21.3,28.9,50.6,49.4,86,6.7,78.7,76,40.6,30.7,,,,87.7,2580,6.9,,,,,,,98.4,2472,11.8,99.4,2531,14,,,,
Plesac, Zach,668676,sp,-0.8,2022,25,131.2,568,136,87,30,0,19,100,38,63,0,95,64,687,301,9,5,2,1410,89.5,13,37.6,41,9.6,6.6,24.9,26.6,28,4,41.5,72.5,15.8,31.3,36,64,123,7.1,83.6,121,43.6,22,91.9,2151,20.4,85.4,2125,7.7,85.7,1628,17,79.3,2182,9.8,89.4,2080,20.2,,,,,,,
Gallen, Zac,668678,sp,5.1,2022,31,184,714,121,73,32,1,15,192,47,52,0,110,47,946,520,15,12,3,1911,87.8,10.8,33,36,7.8,4.8,24,24.6,34.8,4.1,36.1,64.8,14.3,31.9,38.9,60.3,192,6.3,85.1,128,45.1,23,94.1,2420,18,86.7,2513,8.4,86.2,1539,12.9,81.6,2515,14,94.7,2216,20.3,89.9,2424,9.3,,,,
Greene, Hunter,668881,sp,2.3,2022,24,125.2,531,104,59,21,0,24,164,48,62,0,89,54,740,323,8,10,2,1397,89.7,20.7,35.6,29,9.4,6.5,24.9,35,21,3.2,40.1,70.6,24.6,28.3,49.2,50.5,158,7.8,75.3,185,44,31.9,98.9,2367,20,88.1,2363,6.2,90.1,1988,16.6,,,,,,,,,,,,,
Ashcraft, Graham,668933,sp,1.1,2022,19,105,464,119,89,19,0,11,71,30,57,0,79,51,577,263,9,8,1,1130,86.9,3.8,31,17,4.8,3.7,27,16.3,42.3,5.6,36.3,70.1,11.7,28.2,35.9,64.1,88,7,87.9,73,42.6,18.6,,,,85.8,2707,11.8,89.8,1776,14.9,,,,97.2,2185,12.1,97.3,2383,9.8,,,,
Gore, MacKenzie,669022,sp,0.2,2022,16,70,309,66,48,9,2,7,72,37,35,0,61,30,438,201,6,4,1,785,90.8,13.7,41.8,19,9.7,7.7,26.5,23.5,29.6,3.1,45.4,69.5,17.1,23.9,43.4,55.9,66,7.8,81.9,74,42,24,94.7,2237,18.5,87.4,1957,6,84.8,2083,18.8,80.8,2293,11.1,,,,,,,,,,
Wilson, Bryse,669060,sp/rp,-1.1,2022,25,115.2,509,132,82,29,1,20,79,32,71,0,88,71,616,306,15,9,3,1179,90.9,11.5,37.6,30,7.7,8.8,27.1,20.4,32.7,3.1,43.8,67.6,10.4,27,37.1,62.5,89,8.4,89.3,66,43.4,17.8,92.7,2034,16.9,83.4,2160,7.1,85.1,1467,13.9,77.2,2307,17.2,92.1,1958,18.1,,,,,,,
Zimmermann, Bruce,669145,sp,-0.8,2022,15,73.2,320,97,53,21,2,21,49,12,49,0,52,49,356,183,13,2,0,757,91.1,14,39.3,34,13.2,6.2,24.1,24.1,28.8,2.3,42.8,67.5,14.2,31.5,29.7,69.7,49,8.2,84.8,58,47.7,18.6,90.6,2335,18.7,85.1,2433,3.8,84.7,1938,19.8,81,2404,7.9,90.5,2312,17.7,,,,,,,
Heasley, Jonathan,669169,sp,0,2022,21,104,465,108,64,22,3,19,70,47,61,0,87,62,651,266,11,6,1,1093,90.2,14.9,34.8,32,9.4,7.9,22.5,30.4,25.7,4.1,45.3,69,14.3,24.4,32.9,65.8,74,7.2,85.5,86,44.8,19.3,93.4,2322,20.8,85.6,2277,5.4,84.9,1871,16.8,78.5,2615,16.8,93.1,2332,21.9,,,,,,,
Burnes, Corbin,669203,sp,4,2022,33,202,797,144,91,24,6,23,243,51,66,0,124,65,1106,559,19,13,4,2072,87.2,10,31.6,28,5.7,5.1,24.5,23.9,35.7,4.7,34.1,63.1,20.1,33.5,56.5,43.3,354,5.3,79.6,178,43.2,35.2,96.1,2578,16.6,88.2,2801,8,90.3,2045,16.3,81.6,2761,12,96.3,2495,17.1,95,2626,12.5,,,,
Akin, Keegan,669211,rp,0.8,2022,45,81.2,329,69,44,15,0,10,77,20,29,0,63,36,353,210,8,1,2,864,87.8,7.9,35.7,15,6.5,7.4,22.6,21.7,36.1,5.2,37.4,69.1,21.1,32.4,38.6,60.8,68,10,78.5,101,45.3,25.8,93.5,2256,21,85.3,2163,6.2,84.1,1967,18.5,75.1,2385,16.2,,,,,,,,,,
Morgan, Eli,669212,rp,0.2,2022,50,66.2,256,46,22,13,1,10,72,13,25,0,47,32,309,163,4,2,2,693,87.8,19.5,35.5,15,8.9,8.3,20.1,34.9,23.7,4.1,34.9,71.3,20.4,31.2,41.4,57.9,63,8.4,78.3,77,44.8,26.4,92.1,2268,20.5,85.7,2274,6.1,75.9,2098,16.2,80.5,2223,13.5,,,,89.3,2285,17.4,,,,
Kuhnel, Joel,669270,rp,-0.4,2022,53,58,255,67,43,16,0,8,56,14,41,0,48,41,301,149,4,5,2,613,90.1,7.6,32.2,13,7.2,5.6,22.2,19.4,41.1,2.2,39.5,68.5,18.1,30.9,41,59,59,8,81.6,57,45.1,25.2,96.2,2231,14.4,86.8,2365,5.1,90.2,1483,12.9,,,,96,2234,18.1,,,,,,,
Gilbert, Logan,669302,sp,3.2,2022,32,185.2,766,170,107,41,3,19,174,49,66,0,139,66,1001,432,12,6,5,1950,91,14.6,37.6,38,7.1,7.4,27.2,28.1,26.1,3.7,45.6,73.1,19.8,25.8,37.7,62,141,8.7,79.8,226,41.7,24.2,96.1,2135,19,86.9,2289,8.1,86.2,1752,17.7,80.8,2117,9.6,94.7,1973,18.6,,,,,,,
Wells, Tyler,669330,sp,1.2,2022,23,103.2,423,90,55,18,1,16,76,28,49,0,64,43,527,251,5,2,5,1086,88.3,19.1,30.9,25,7.9,7.3,22.1,32.8,26.2,3.8,39.1,70.4,18.7,30.4,40.3,59.7,100,7,80.9,110,45.2,25.1,93.5,2459,20.8,87.5,2537,9.4,86.7,2098,20.1,76.3,2672,14.6,,,,,,,,,,
Skubal, Tarik,669373,sp,1.2,2022,21,117.2,477,104,65,28,2,9,117,32,46,0,77,49,609,307,10,1,5,1277,89.3,11.3,31.2,18,5.5,5.5,25.7,25.7,33,3.7,39.4,69,18.9,30.2,45.4,54.6,124,8.1,80.6,132,42.4,26.4,94.1,2157,18.1,89.3,2118,8.7,83.6,1599,15.3,76.9,2230,11.2,94.8,2053,18.9,,,,,,,
Coleman, Dylan,669395,rp,1.7,2022,68,68,289,47,30,12,0,5,71,37,21,0,70,26,436,185,6,6,3,720,86.4,12.5,34.9,12,6.9,6.9,22.9,26.3,29.7,7.4,36.6,64.5,24.3,26.9,45.7,54.3,79,6.1,75.4,88,39.8,31.2,97.5,2447,14.5,83.3,2468,14.5,,,,,,,98,2518,19.3,,,,,,,
Rogers, Trevor,669432,sp,-0.6,2022,23,107,477,116,65,35,1,15,106,45,65,0,81,61,658,293,10,5,0,1243,88.4,12.1,35.5,24,7.5,5.9,28.7,24,28.7,4.7,37.4,69.6,21.6,28.6,35.5,63.4,99,7,78.1,145,45.6,25.7,94.6,2423,19.1,80.7,2040,11.2,85.7,1372,15.1,,,,94.9,2318,19.6,,,,,,,
Bieber, Shane,669456,sp,3.5,2022,31,200,791,172,123,29,2,18,198,36,64,1,125,63,858,504,19,2,4,1934,89.9,10,32.4,40,7.2,6.7,25.9,21.4,35.7,2.9,43.1,67.4,15.8,31.8,59.7,39.6,271,7.4,83.9,154,40.8,29.7,91.3,2206,19.7,85,2513,4.5,86.4,1557,14.8,82,2197,15,,,,86.9,2502,9.1,,,,
Pallante, Andre,669467,rp,1.4,2022,47,108,457,113,85,18,1,9,73,40,38,0,106,43,600,299,19,1,2,1087,89.4,-3.3,25.1,11,3.2,5.8,26.5,10.2,49,3.5,42,65.9,11,23.1,37.9,61.6,75,8.3,88.6,65,41.2,17.8,95.2,2221,10,86.9,2337,6.1,83.1,1574,13.7,76.5,2836,19.9,94.8,2108,17.9,,,,,,,
Alexander, Jason,669920,sp/rp,-0.9,2022,18,71.2,321,88,58,15,3,12,46,28,43,0,62,41,414,219,13,4,4,720,90.1,4.7,32.5,20,8.2,4.1,25.9,17.7,37.4,5.3,44,60.8,10.9,28.5,28.2,71.3,51,7,88.4,35,41.8,17.2,93.1,2191,18.1,81.2,2512,12.1,81.5,1806,17.5,,,,92.4,2062,16.5,,,,,,,
Kirby, George,669923,sp,1.4,2022,25,130,542,135,97,23,2,13,133,22,49,0,102,50,630,339,10,5,5,1440,89.3,11.3,31.4,34,8.9,5.8,22.3,24.1,35.3,3.1,38.7,71.9,18.6,29,28.9,70.7,79,8.7,81.2,154,45.5,21.2,95.3,2179,17.4,85.5,2188,11.1,86,1471,15.9,80.8,2177,15.3,94.7,2236,19.1,88.3,2149,6.6,,,,
White, Mitch,669952,sp/rp,-0.7,2022,25,99,440,110,72,26,3,9,78,35,60,0,77,55,559,266,5,3,2,1098,87.9,14.7,34,18,5.6,6.2,26.5,27.8,29,4.3,34,70.2,12.7,29.7,31.6,68,86,7.4,86.6,71,40.7,18.9,93.7,2277,16.7,85.4,2452,9.6,87.2,1548,15.3,80.2,2407,15.4,94.2,2181,19.4,,,,,,,
Oller, Adam,670124,sp,-1,2022,19,74.1,337,82,37,28,0,17,46,39,52,0,65,50,484,165,9,2,2,793,90.2,19.2,34.9,25,10,7.2,22.1,35.3,22.1,3.2,41.8,74.7,14.5,25.3,38.7,60.7,67,6.4,85.5,66,41.3,21.2,93.3,2209,20.6,84.3,1769,8.9,86.5,1647,16.7,80.5,2056,9.3,93.6,2116,21,89.5,2180,10.5,,,,
Schreiber, John,670167,rp,2.7,2022,64,65,257,45,26,14,2,3,74,19,16,0,77,32,360,174,6,4,2,646,87.2,2.5,25,8,5,8.8,18.8,19.4,41.3,6.9,39.4,66.3,25.7,28,47.7,52.3,71,8.1,74,83,43,32.6,94.5,2237,13.9,82.1,2614,13.8,88.5,1649,16,,,,93.4,2184,15.9,,,,,,,
Winckowski, Josh,670174,sp,-0.3,2022,15,70.1,316,85,56,14,5,10,44,27,46,0,60,43,421,221,8,2,1,754,89.5,5.3,30.5,24,9.9,6.2,20.2,15.2,42.4,6.2,46.1,65.2,11.9,23.3,33.6,66.4,46,6.5,87.6,47,43.3,17.4,93.7,2201,15.4,84.8,2331,6.8,89.9,1598,16,,,,94,2031,17.4,88.6,2140,7.1,,,,
Richards, Trevor,670950,rp,-0.8,2022,62,64,281,57,38,9,1,9,82,35,38,0,51,43,439,163,5,1,3,685,89.4,17,40.5,18,11,6.1,24.5,28.8,27,2.5,39.3,65,20.6,32.9,52.1,47.5,125,3.8,78.4,58,38.1,35.1,93.4,2222,21.5,,,,84.1,2505,17.6,85.1,2116,4.3,,,,,,,,,,
Foley, Jason,671345,rp,0.3,2022,60,60.1,256,72,61,8,1,2,43,11,26,1,60,36,287,160,7,2,3,645,90.7,3.2,26,9,4.5,3,26,17.5,46,2.5,42.5,69.2,10.8,28.3,33.6,66.4,42,10.8,88.9,39,41.3,16.7,96.1,2185,18.5,85.5,2224,7.4,89.5,1594,15.2,,,,96.3,2034,18.2,,,,,,,
Detmers, Reid,672282,sp,2.4,2022,25,129,539,110,68,27,2,13,122,46,54,0,91,49,741,346,11,8,4,1400,89.3,16.7,39.9,29,8,6.3,25.6,30.3,26.2,3.6,38.6,68,20,29.2,37.5,61,121,8,79.8,146,42.2,25.3,93.2,2102,19.9,85.9,2146,5.4,84.2,1435,16.4,73.1,2476,19.5,93.7,2127,21,,,,,,,
Hernandez, Carlos,672578,sp/rp,-1.3,2022,27,56,266,72,48,16,1,7,35,31,46,0,49,41,361,143,4,1,1,634,88.7,14.5,36.7,16,8,5.5,22.6,30.7,25.6,7,38.2,71.6,17.9,26.3,37.2,62.8,54,7.7,81.5,62,43.8,23.6,96.8,2365,19.2,85.8,2029,4.6,,,,82.1,2282,6.2,94.1,2301,23.3,,,,85,1183,13.9,
Contreras, Roansy,672710,sp,1.3,2022,21,95,408,82,40,28,1,13,86,39,40,0,73,42,503,273,3,2,3,1028,90.1,17.7,36.3,31,11,8.2,22.4,28.8,26,3.6,45.9,64.9,14.2,32.5,50.5,49.5,140,7.7,85.4,68,39.2,27.5,95.6,2389,19.3,83.8,2488,5.4,89.7,2080,18.6,78.9,2727,15.6,,,,,,,,,,
Adon, Joan,672851,sp,-1.3,2022,14,64.2,310,76,46,18,4,8,55,39,51,0,58,49,419,202,5,6,1,734,89.3,7.5,35.7,21,10,6.7,23.3,19.5,37.1,3.3,37.1,64.5,12.8,23.5,27.9,70.7,39,7.2,87,50,43.4,16.7,95,2186,18.5,86.2,2061,5.7,87.4,1886,17.9,79.7,2263,13.1,94.9,2144,20.5,,,,,,,
Strider, Spencer,675911,sp/rp,3.7,2022,31,131.2,528,86,61,17,1,7,202,45,39,0,87,32,734,356,3,3,1,1494,88,14.1,32.7,17,6.1,5.8,26.3,27,31.3,3.6,36,68.3,26.3,30.9,54.7,45.3,188,7.9,73.4,209,41.8,34.9,98.2,2343,18.5,86.3,2388,5.7,88.9,2126,17.7,,,,,,,,,,,,,
Whitlock, Garrett,676477,sp/rp,1.8,2022,31,78.1,311,65,40,14,1,10,82,15,30,0,50,30,363,195,5,1,1,793,88.8,15.3,35.2,17,8,7,23,27.2,31,3.3,39,70.5,22.7,28.7,48.7,50.6,75,8.1,76.8,101,44.4,29.4,95.1,2123,19.3,83.2,1928,3.8,84.6,2046,18.9,,,,95.3,2152,20.2,,,,,,,
Sears, JP,676664,sp/rp,0.8,2022,17,70,288,67,47,11,1,8,51,23,30,0,55,27,367,207,11,2,3,704,90.5,17.3,30.7,19,9,5.7,26.4,28.3,28.3,2.4,43.4,65.1,13.2,26.6,36.6,63.4,52,8.9,86.2,47,41.5,19.9,93.2,2152,18.4,79.2,2495,8.6,82.7,1880,18.5,,,,,,,,,,,,,
Vest, Will,676684,rp,0.1,2022,59,63,272,62,49,7,0,6,63,22,28,0,65,34,341,174,5,3,4,694,87.8,5.8,32.8,13,7.1,8.7,25.7,13.1,38.8,6.6,44.3,67.5,16,28.2,42.4,56.3,64,6.7,83.7,59,44.5,23.7,95.1,2079,18.2,86.4,2391,9.9,86.8,1571,16.2,,,,95.3,1875,16.1,,,,,,,
Crawford, Kutter,676710,sp/rp,0.2,2022,21,77.1,334,81,48,21,0,12,77,29,47,1,53,40,426,209,5,2,4,827,89.7,17.1,42,20,8.8,8.8,25.2,31,20.4,5.8,38.9,68.2,19.1,27.5,41.3,58.7,74,7.7,80.4,84,41.7,25.6,94.6,2420,21.8,85.2,2431,5.7,86.6,1322,15.5,79.7,2271,16.9,,,,88.8,2422,9.4,,,,
Ashby, Aaron,676879,sp/rp,-0.6,2022,27,107.1,475,106,70,19,2,15,126,47,53,1,84,55,624,377,10,6,0,1207,87.1,2,29.7,20,6.8,4.7,22,14.5,43.9,6.4,34.1,58.5,18.2,30.1,50.9,49.1,145,8.2,80.9,99,40.1,29.4,95.5,2116,16.2,83.5,2546,10.5,89.1,1784,15.4,79.7,2596,17.6,95.7,2091,18.3,,,,,,,
Garcia, Luis,677651,sp,1.4,2022,28,157.1,643,131,77,27,4,23,157,47,65,1,100,62,785,386,11,1,0,1594,88.4,17.1,35.4,34,7.8,9.8,21,29.9,27.2,3.7,36.3,69.5,19.7,29.8,49.6,50.1,189,7.6,79.9,163,41.2,29.1,94,2408,19.7,79.6,2525,15.5,84.8,2032,19.9,77.1,2577,12.5,90.6,2232,22,85.3,2354,7.8,,,,
Bello, Brayan,678394,sp,0.4,2022,13,57.1,268,75,55,17,2,1,55,27,30,0,67,24,353,160,9,2,1,618,88,5.3,32.1,10,5.4,4.9,25,16.8,42.4,4.9,37.5,65.2,18.2,30.3,39.5,60.5,66,6.2,81.4,53,41,26,97,2202,16.6,85,2497,5.4,88.2,1876,17.4,80.2,2448,10.6,96.3,2122,17.9,,,,,,,
Gray, Josiah,680686,sp,0.5,2022,28,148.2,649,136,74,20,4,38,154,66,83,0,115,80,930,430,9,8,4,1593,87.4,19.7,33.6,45,10.7,6.4,19.3,33.1,22.9,7.1,36.9,64.8,19,27.5,43.1,56.1,165,6.7,80.8,148,41.7,26.9,94.4,2216,20.5,85.8,2030,6.1,88.2,2056,19.2,82.7,2490,6.2,94.7,2277,20.9,,,,,,,
Bradish, Kyle,680694,sp,0.4,2022,23,117.2,509,119,84,18,0,17,111,46,64,0,86,56,698,317,18,7,0,1222,89.9,8.7,31.4,27,7.8,5.5,25,23.3,34.6,3.5,41,66.6,13.6,25.2,48.8,51.2,126,8.5,86.4,88,40.1,23.6,94.6,2305,16.3,86.9,2483,11.6,89.9,1427,15.7,83.2,2517,14.7,95.3,2154,19.2,,,,,,,
Winder, Josh,680739,sp,-0.1,2022,15,67,287,69,40,18,0,11,47,18,35,0,45,36,361,181,4,5,2,712,89.1,17.1,35.5,22,10.1,8.3,20.3,30.4,27.2,3.7,38.7,69.6,13.2,29,40.2,59.2,70,7.2,86.3,47,43.6,22,94,2023,19.5,84.3,2118,2.2,88.9,1516,16.5,81,2156,10.1,,,,,,,,,,
Hill, Garrett,682051,sp/rp,0.4,2022,17,60.1,263,53,35,10,0,8,40,29,27,0,56,30,358,167,5,4,1,636,88.8,18.7,36.8,18,9.5,6.3,23.7,30,26.8,3.2,39.5,67.3,13.8,26.6,33.1,66.2,47,7.6,86.2,45,41.3,19.6,92,2154,18.8,82.6,2527,7.3,82.2,1368,14,77.1,2639,15.7,91.7,2133,20,,,,,,,
Murfee, Penn,682171,rp,1,2022,64,69.1,272,48,31,9,1,7,76,18,23,0,62,27,306,186,4,2,0,689,85.7,19.5,35.8,9,5.1,8.5,19.9,36.9,22.7,6.8,30.1,68,16.9,31.4,43.5,56.5,67,7.7,83.1,59,44.3,25,89,2278,8.5,79.7,2645,17.3,,,,,,,88.9,2069,11.3,,,,,,,
Brieske, Beau,689225,sp,0.7,2022,15,81.2,339,73,48,10,1,14,54,25,38,1,55,37,426,178,5,1,2,829,89.2,17.2,31.7,27,10.4,6.2,26.6,28.2,24.7,3.5,41.3,74.7,16.5,25.4,22.5,77.5,36,7.8,83.3,81,46.3,18,94.3,2375,19.2,86.2,2187,7.3,82,2219,20.3,78.1,2262,8.2,93.6,2391,19.6,,,,,,,